Rewardlist,,ButtonData,Zposition(Inches),Zposition(mm),,,,,
1,1,1,11.8778616267115,301.697685318472,301.697685318472,,,,
0.404146696171166,0.702073348085583,0,12.0320007293195,305.612818524714,303.655251921593,,,,
0.432855500027538,0.612334065399568,0,12.0029469692618,304.874853019249,304.061785620812,,,,
1,0.709250549049676,1,11.888398044017,301.965310318031,303.537666795116,,,,
1,0.767400439239741,1,11.887235283488,301.935776200596,303.217288676212,,,, 
1,0.806167032699784,1,11.8872223769635,301.935448374873,303.003648625989,,,,
0.426365864825248,0.751909723003422,0,12.0110276269436,305.080101724367,303.3002847829,,,,
0.473299854651094,0.717083489459381,0,11.9649748007476,303.91035993899,303.376544177411,,,,
0.435427418372035,0.685788370449676,0,12.0020188728154,304.85127936951,303.5404036432,,,,
0.469681334498524,0.664177666854561,0,11.9686590268433,304.00393928182,303.586757207062,,,,   
0.419232076716423,0.641909885932912,0,12.0185673839152,305.271611551446,303.739925783824,,,,
1,0.671750728771836,1,11.8988887018263,302.231773026389,303.614246387371,,,,
1,0.697000672712464,1,11.89889926171,302.232041247435,303.507922915069,,,,
0.447849361580611,0.67920415048876,0,11.98866765984,304.512158559936,303.579654032559,,,,
1,0.700590540456176,1,11.8938363841295,302.10344415689,303.481240040848,,,,
0.481213900834323,0.68687950047981,0,11.9547012072146,303.649410663251,303.491750704748,,,,
1,0.705298353392762,1,11.8954649528623,302.144809802701,303.412518886981,,,,
1,0.721670667093165,1,11.8982105226278,302.214547274747,303.345964908523,,,,
1,0.736319579351419,1,11.887047552222,301.931007826439,303.27149348315,,,,
1,0.749503600383848,1,11.8885681754768,301.96963165711,303.206400391848,,,,
1,0.76143200036557,1,11.8852570652723,301.885529457917,303.143501775947,,,,
1,0.772276000348953,1,11.8946483218551,302.124067375119,303.097163848636,,,,
1,0.782177043812042,1,11.8911928932399,302.036299488292,303.05103931123,,,,
1,0.791253000319873,1,11.8867213691473,301.922722776341,303.004026122276,,,,
1,0.799602880307079,1,11.8921327228904,302.060171161416,302.966271923842,,,,
1,0.807310461833729,1,11.8922394950479,302.062883174217,302.931526202703,,,,
0.424445139309764,0.793130264703212,0,12.0126679288805,305.121765393564,303.012646172734,,,,
0.44274307114482,0.780616436361841,0,11.9950164965928,304.673419013456,303.071959488475,,,,
0.499359301015733,0.770917914453354,0,11.9370967077434,303.202256376683,303.07645248462,,,,
0.509232792288065,0.762195077047845,0,11.9271903634995,302.950635232888,303.072258576229,,,,
0,0.737608139078559,0,11.9364689813226,303.186312125595,303.075937722982,,,,
0.522662617731093,0.730891091536451,0,11.9144879967123,302.627995116493,303.06193951653,,,,
0,0.708742876641407,0,12.2164431782246,310.297656726904,303.28120367442,,,,
0.152947009068727,0.692395939359858,0,12.2838504359305,312.009801072634,303.537927127308,,,,
1,0.701184626806719,1,11.8930150598407,302.082582519953,303.496345852812,,,,
0,0.681707276062088,0,12.1280956711143,308.053630046304,303.622937080409,,,,
0.428936609849334,0.674875636434716,0,12.0078549685478,304.999516201115,303.66014192151,,,,
0,0.657115751265381,0,12.1143560890824,307.704644662692,303.766576204172,,,,
1,0.66590765507909,1,11.8973105858713,302.191688881132,303.72619447794,,,,
1,0.674259963702112,1,11.9009467058301,302.284046328084,303.690140774194,,,,
1,0.682204842636207,1,11.903593716681,302.351280403697,303.657485643206,,,,
1,0.689771394002012,1,11.8988089160383,302.229746467372,303.623491853306,,,,
1,0.696986012746151,1,11.8980368712068,302.210136528652,303.590623124825,,,,
1,0.703872694274648,1,11.8960351865828,302.159293739203,303.558092911516,,,,
1,0.710453301068544,1,11.8964388088048,302.169545743641,303.527236307785,,,,
1,0.716747794523576,1,11.89113657386,302.034868976045,303.494793539704,,,,
1,0.722774437193287,1,11.9007355081558,302.278681907158,303.468918824118,,,,
0.411377869874238,0.716287008707474,0,12.0263981243491,305.470512358468,303.510618689417,,,,
0.352470145237447,0.708862174759106,0,12.0848259609371,306.954579407803,303.580903602037,,,,
0.40723487549722,0.702829628773868,0,12.0297115811944,305.554674162338,303.620379013243,,,,
1,0.702829628773868,1,11.9019452015013,302.309408118132,303.632613469236,,,,
1,0.714746694850445,1,11.9041123243034,302.364453037306,303.567646159488,,,,
1,0.726089584849894,1,11.904057178244,302.363052327397,303.517410145651,,,,
1,0.726089584849894,1,11.9098709808886,302.510722914571,303.528318397582,,,,
1,0.726089584849894,1,11.8992512578338,302.240981948979,303.534422512549,,,,
0.355478538775445,0.713199155625403,0,12.0809962431103,306.857304575002,303.632859636552,,,,
1,0.724671838328898,1,11.9055484684885,302.400931099607,303.579276224057,,,,
0.302981836873293,0.721265477973342,0,12.1347131982416,308.221715235336,303.665503329984,,,,
0.350148144140839,0.719559892488718,0,12.0869860438168,307.009445512947,303.708666652852,,,,
0.348064327087998,0.717127552340507,0,12.0904966184914,307.098614109682,303.77056014941,,,,
0.198099898508191,0.712704908776343,0,12.2401735835701,310.900409022681,303.883136098834,,,,
0.252150076636672,0.697747910309076,0,12.1849313119024,309.497255322321,304.028445744753,,,,
0.421960046675801,0.686187111242592,0,12.0159778657645,305.205837790418,304.087921675613,,,,
0.242634448090195,0.682082812972784,0,12.193048342517,309.703427899932,304.191747062413,,,,
0.34935615286231,0.66906993603003,0,12.0873251334161,307.018058388768,304.29003934705,,,,
0.408215771362187,0.667609973440587,0,12.0299086990237,305.559680955203,304.328244752889,,,,
1,0.667609973440587,1,11.9081579330862,302.467211500388,304.334692786843,,,,
0.49588509927392,0.657527675426066,0,11.9401391275734,303.279533840364,304.355992518155,,,,
1,0.657527675426066,1,11.9097430889636,302.507474459676,304.36752185082,,,,
1,0.657527675426066,1,11.9094298124135,302.499517235302,304.378119562384,,,,
0.449849872884155,0.646524672883749,0,11.986236539945,304.450408114603,304.429417135517,,,,
0.392871087005735,0.634382094623864,0,12.042415121302,305.877344081071,304.504482669636,,,,
1,0.634382094623864,1,11.9131152118295,302.59312638047,304.51561920748,,,,
0.227191204819082,0.618925918720245,0,12.2086194777131,310.098934733913,304.679143446632,,,,
0.200928774023057,0.602944494200707,0,12.235856937772,310.79076621941,304.853755347791,,,,
0.25132523238659,0.587970998848438,0,12.1849747247577,309.498358008845,305.002464844484,,,,
0.355072569912672,0.586583547460496,0,12.0825943055123,306.897895360013,305.037987443813,,,,
0.252784842979908,0.582784382897198,0,12.1849805913597,309.498507020537,305.134489203955,,,,
0.056272446990015,0.573922645816684,0,12.3827789465219,314.522585241656,305.360895781254,,,,
0.197666943275928,0.567691328836441,0,12.2378163828611,310.840536124673,305.51869379909,,,,
0.342546201187373,0.574542252860189,0,12.0943345495611,307.196097558853,305.598889507755,,,,
0.111527625182271,0.566319553009212,0,12.324886144042,313.052108058667,305.807371766598,,,,
0.348053767204284,0.573280628353298,0,12.088857489875,307.056980242824,305.742558236917,,,,
0.4609318841815,0.579440325855553,0,11.9750606630147,304.166540840572,305.585693032275,,,,
0.459778510215878,0.568635896059871,0,11.9785207849115,304.254427936752,305.629129940611,,,,
0,0.568635896059871,0,12.0541025659323,306.17420517468,305.591541443179,,,,
0.44256120648086,0.568908387992501,0,11.9955902502745,304.687992356973,305.585310966296,,,,
0.419753030979633,0.577303448612094,0,12.0191763372093,305.287078965117,305.536959652345,,,,
0.449760700532794,0.56629866262275,0,11.9868325867146,304.465547702551,305.582436828773,,,,
1,0.56629866262275,1,11.9113540578902,302.54839307041,305.58772376362,,,,
0.401857548046111,0.554335813583672,0,12.0349856564492,305.68863567381,305.654470869022,,,,
0.360043928501009,0.541536692153692,0,12.0762220023513,306.736038859723,305.744596716869,,,,
0,0.521536692153692,0,12.1615071431845,308.902281436887,305.878439615034,,,,
0,0.501536692153692,0,11.9480015476584,303.479239310524,305.90483852646,,,,
0.344739137038589,0.488431474894464,0,12.0912146905839,307.116853140832,306.003784674404,,,,
0.41257113673389,0.476682897629142,0,12.022948562336,305.382893483334,306.07074516455,,,,
0.389138754773141,0.464465672724605,0,12.0482488703936,306.025521307998,306.145681952566,,,,
0.253746965718269,0.461313054641485,0,12.1850392573804,309.499997137461,306.226271648146,,,,
1,0.474263651736737,1,11.9031466816038,302.339925712736,306.133978574245,,,,
1,0.486118954226792,1,11.9078012436807,302.45815158949,306.072048122788,,,,
1,0.486118954226792,1,11.9062512874156,302.418782700357,306.074235614432,,,,
1,0.486118954226792,1,11.9064401920021,302.423580876852,306.075418171223,,,,
1,0.486118954226792,1,11.9125966042072,302.579953746862,306.079756199613,,,,
1,0.486118954226792,1,11.9039316329598,302.35986347718,306.076739010865,,,,
1,0.486118954226792,1,11.9061198755294,302.415444838447,306.080228268654,,,,
1,0.499009383451283,1,11.9042930156469,302.369042597432,305.990463029103,,,,
0.45819452765882,0.48817327400446,0,11.9778472989947,304.237321394464,306.027190835,,,,
0.352011376956105,0.489153864806116,0,12.087930566749,307.033436395424,306.003425258202,,,,
0.489489329704643,0.491940688517392,0,11.9475838455915,303.468629678025,305.932608941503,,,,
1,0.504979401975632,1,11.9056974801809,302.404715996594,305.838730979242,,,,
1,0.521017404005468,1,11.9139412294,302.614107226761,305.673004943323,,,,
1,0.535974402472734,1,11.9251569992244,302.8989877803,305.541039592483,,,,
1,0.547535201539218,1,11.9127139362484,302.58293398071,305.488581516289,,,,
1,0.562682512577414,1,11.9226601733863,302.835568404013,305.35122432637,,,,
1,0.575695389520168,1,11.9315668486387,303.061797955422,305.272099117703,,,,
1,0.587531074092925,1,11.9211020038784,302.79599089851,305.216825316569,,,,
1,0.587531074092925,1,11.9140362683535,302.616521216178,305.219811510885,,,,
1,0.597613372107446,1,11.9147027143478,302.633448944435,305.206889812967,,,,
1,0.597613372107446,1,11.9076240722984,302.453651436379,305.205813352501,,,,
1,0.597613372107446,1,11.9113587511718,302.548512279764,305.20679325339,,,,
0.374026387858391,0.596096902406931,0,12.063675687179,306.417362454346,305.246132340185,,,,
0.447036250534653,0.597180205677509,0,11.9902492957562,304.552332112208,305.219632100807,,,,
1,0.597180205677509,1,11.9079666818589,302.462353719216,305.217016647582,,,,
1,0.612636381581128,1,11.9070409320533,302.438839674154,305.063814746387,,,,
1,0.628617806100667,1,11.9057127333462,302.405103426994,304.896101490539,,,,
0.399962635579705,0.631590554164529,0,12.0384704180747,305.777148619098,304.821677302744,,,,
1,0.644489102766275,1,11.9090179769486,302.489056614495,304.733500527834,,,,
1,0.659433405906677,1,11.9160039266855,302.66649973781,304.596860382179,,,,
0,0.658307956966877,0,12.0376244540572,305.755661133053,304.421521900007,,,,
1,0.674354618101358,1,11.9162491506517,302.672728426553,304.258165746045,,,,
1,0.687503694077611,1,11.9327131826818,303.090914840118,304.17606209167,,,,
0.304475473758579,0.691362651049137,0,12.1307274287999,308.120476691517,304.077429464327,,,,
1,0.704401575705051,1,11.9142228262991,302.621259787996,303.98871505523,,,,
1,0.715182938021421,1,11.9046121587992,302.377148833499,303.952927215089,,,,
0.402482927826046,0.714037026373625,0,12.0358926331282,305.711672881455,303.982072113983,,,,
0.404493999013305,0.722126906353891,0,12.0333641276389,305.647448842029,303.97153698733,,,,
0.499822762578726,0.723272137475848,0,11.9375765957922,303.214445533121,303.942066050853,,,,
1,0.734877076856255,1,11.9103133226842,302.521958396178,303.886763639474,,,,
1,0.7458818628456,1,11.9315785818428,303.062095978807,303.858694604999,,,,
1,0.7458818628456,1,11.9334711476684,303.110167150776,303.869930086607,,,,
1,0.757844711884677,1,11.9308346967012,303.04320129621,303.817021399055,,,,
1,0.770643833314657,1,11.9375073698878,303.212687195151,303.746554365763,,,,
1,0.790643833314657,1,11.9334277348131,303.109064464253,303.630690026311,,,,
1,0.810643833314657,1,11.9396052667856,303.265973776355,303.626424715627,,,,
1,0.823749050573885,1,11.9359445070982,303.172990480294,303.547547462416,,,,
1,0.835497627839208,1,11.9369383094877,303.198233060988,303.503854253969,,,,
1,0.847714852743745,1,11.9347453736365,303.142532490367,303.446194477617,,,,
1,0.862639913429379,1,11.9358447748631,303.170457281523,303.319603680498,,,,
0.396572912907601,0.850571371687531,0,12.0416747561216,305.85853880549,303.389975942353,,,,
0.376080871900918,0.83809298912555,0,12.0605968944162,306.339161118172,303.467596132927,,,,
0.403738380667567,0.826167756738901,0,12.0345538745373,305.677668413249,303.532773847185,,,,
1,0.826167756738901,1,11.9320467366874,303.07398711186,303.545781971885,,,,
1,0.826167756738901,1,11.9386302375227,303.241208033077,303.559007057609,,,,
1,0.826167756738901,1,11.9089346711993,302.486940648463,303.561548601035,,,,
0.407423780083656,0.814316232340574,0,12.0285312208593,305.524693009826,303.623733564462,,,,
1,0.814316232340574,1,11.9384647993445,303.237005903351,303.641092830581,,,,
0.295992367175222,0.811072189130902,0,12.1404014556021,308.366196972292,303.723670342137,,,,
0.357069561254978,0.81117335281688,0,12.0783328057736,306.78965326665,303.718794679562,,,,
0.428507174578309,0.809953709714353,0,12.0093474321127,305.037424775662,303.750170581515,,,,
0.362648699817061,0.797206683710694,0,12.0758113402069,306.725608041254,303.836588422408,,,,
1,0.797206683710694,1,11.9257495260328,302.914037961233,303.842587037097,,,,
1,0.797206683710694,1,11.9405192833871,303.289189798031,303.850391077452,,,,
0.483813978868723,0.786882963288069,0,11.9527863483012,303.60077324685,303.870747862775,,,,
0.27520816938579,0.772387126675785,0,12.1615529026806,308.903443728088,303.992105369256,,,,
0.327849189698696,0.758944110469759,0,12.1100077636331,307.594197196282,304.082753354073,,,,
1,0.758944110469759,1,11.9378640592933,303.221747106049,304.091268478224,,,,
0.442450914362073,0.747793128757,0,11.9950270564765,304.673687234502,304.13241179859,,,,
0.403676194685698,0.735866652650714,0,12.0331869562566,305.642948688918,304.19260179348,,,,
0.475791987207533,0.725382492394865,0,11.9622468307883,303.841069502022,304.220350154793,,,,
1,0.725382492394865,1,11.9346937475383,303.141221187474,304.232204332947,,,,
0.456062604469061,0.727023216727078,0,11.9794183750272,304.27722672569,304.189401618374,,,,
0.455159147751331,0.727185674671412,0,11.9818389350385,304.338708949977,304.185129155129,,,,
1,0.727185674671412,1,11.9402107001185,303.281351783011,304.201509116405,,,,
1,0.727185674671412,1,11.9374275840998,303.210660636134,304.216945535645,,,,
1,0.727185674671412,1,11.9383721070319,303.234651518611,304.233536497477,,,,
1,0.739186421959818,1,11.9385703981817,303.239688113815,304.182787287372,,,,
1,0.739186421959818,1,11.9273933479309,302.955791037445,304.192121975831,,,,
1,0.739186421959818,1,11.9398000379741,303.270920964543,304.204210400365,,,,
1,0.759186421959818,1,11.9392626572251,303.257271493518,304.154242607574,,,,
0.275320808145404,0.744692838122726,0,12.1678888329089,309.064376355885,304.282075566161,,,,
0.506311224460601,0.734819062611938,0,11.9307208846211,303.040310469377,304.281063478746,,,,
0.446975237873197,0.73766905789423,0,11.9897295148134,304.539129676261,304.209436538441,,,,
1,0.73766905789423,1,11.9136971787542,302.607908340357,304.209169509488,,,,
1,0.73766905789423,1,11.928184165889,302.975877813581,304.22114408909,,,,
0.496185469299554,0.7395431087237,0,11.9414767128438,303.313508506232,304.173180801586,,,,
1,0.751453228743434,1,11.9222025784254,302.823945492005,304.116710734585,,,,
0.351208825793863,0.748480950007737,0,12.0848987068027,306.956427152789,304.191550366978,,,,
1,0.748480950007737,1,11.9478349361599,303.47500737846,304.210611346624,,,,
0,0.728480950007737,0,12.0450949851245,305.945412622162,304.268277679491,,,,
1,0.728480950007737,1,11.93688785671,303.196951560433,304.270013367684,,,,
1,0.728480950007737,1,11.9393178032845,303.258672203427,304.274322785829,,,,
0.380704927647114,0.716095048560679,0,12.0562732086957,306.229339500869,304.334655831943,,,,
0.256073660096526,0.701216521762609,0,12.1812928453028,309.404838270692,304.460571308072,,,,
0,0.681216521762609,0,12.0566967773646,306.240098145061,304.520053795446,,,,
0.436410660877824,0.669944734980166,0,12.0027897443265,304.870859505892,304.554011175958,,,,
0.452637682184577,0.658997488623858,0,11.9844472263157,304.40495954842,304.578145705707,,,,
0.463221032306553,0.648261909269989,0,11.9735963591397,304.129347522148,304.597882006342,,,,
0.397092693850398,0.636203763146997,0,12.0389538260847,305.789427182552,304.650261404363,,,,
0,0.628272304888845,0,11.9844765593261,304.405704606882,304.621204720391,,,,
1,0.640750687450826,1,11.9340906608462,303.125902785494,304.556939553737,,,,
1,0.652675919837475,1,11.9395688938528,303.265049903862,304.508687183549,,,,
1,0.652675919837475,1,11.9368057242811,303.194865396739,304.511104749247,,,,
1,0.652675919837475,1,11.9423449699491,303.335562236708,304.51299183332,,,,
0.357567049109935,0.639827260819674,0,12.0808378448546,306.853281259307,304.600318645536,,,,
0.464510511440039,0.640968995446801,0,11.9767103515148,304.208442928476,304.573993643909,,,,
1,0.640968995446801,1,11.9323740930825,303.082301964297,304.570899565128,,,,
0.450495199111103,0.644059052085519,0,11.9862130735368,304.449812067834,304.492571867039,,,,
1,0.656917660860419,1,11.9346362548381,303.139760872888,304.419574019164,,,,
0.456819396135211,0.657483905291557,0,11.9785864908546,304.256096867707,304.403947461005,,,,
1,0.670230931295216,1,11.940533363232,303.289547426093,304.335226248702,,,,
0.453984654018282,0.659310624375582,0,11.9838359263808,304.389432530071,304.364734140078,,,,
0.403773580279948,0.647386095981181,0,12.0326718685955,305.629865462325,304.411547653364,,,,
0.472277892571688,0.64715537425524,0,11.9654746352434,303.923055735183,304.417993303131,,,,
1,0.661651210867524,1,11.9394562550932,303.262188879368,304.305168206157,,,,
0.253535768043996,0.66016494243443,0,12.1817868131965,309.417385055192,304.341631963335,,,,
0.372560910663008,0.64761616064769,0,12.0642072013259,306.430862913678,304.405814279487,,,,
0.352349293234944,0.645814128225148,0,12.0843671926558,306.942926693457,304.451199068666,,,,
1,0.657740604331434,1,11.9428295512795,303.3478706025,304.405297506938,,,,
1,0.668224764587283,1,11.9428776574165,303.349092498378,304.395457966865,,,,
1,0.668224764587283,1,11.9417278034121,303.319886206667,304.399031267249,,,,
0.433374107649922,0.667770994650901,0,12.0022957764328,304.858312721392,304.410652987163,,,,
1,0.678667811695874,1,11.9429691764086,303.35141708078,304.390907149779,,,,
1,0.678667811695874,1,11.9460151161999,303.428783951476,304.393855793148,,,,
1,0.678667811695874,1,11.9480977599323,303.48168310228,304.399276242471,,,,
1,0.678667811695874,1,11.9461829010189,303.433045685879,304.403244125817,,,,
1,0.678667811695874,1,11.9414978326112,303.314044948325,304.404731262507,,,,
1,0.678667811695874,1,11.9474019809276,303.464010315561,304.414895648069,,,,
1,0.678667811695874,1,11.9470053986281,303.453937125154,304.418555971281,,,,
0.349309220045805,0.66565399609679,0,12.0888117303789,307.055817951623,304.494526900444,,,,
1,0.680147579933882,1,11.94706758461,303.455516649094,304.382349706308,,,,
0.477439329066874,0.679570142026007,0,11.9603249319524,303.79225327159,304.397388562352,,,,
0.309020917037129,0.676811055609286,0,12.1299530373275,308.100807148119,304.468622111789,,,,
0,0.656811055609286,0,12.2125454078138,310.19865335847,304.620437012151,,,,
0,0.636811055609286,0,12.1009532500088,307.364212550224,304.708203706884,,,,
0.406732694360615,0.635022000110507,0,12.0319221168518,305.610821768036,304.75414997212,,,,
0,0.615022000110507,0,12.1019611322433,307.389812758979,304.84546731746,,,,
0.424265621286631,0.616483136020362,0,12.0138025297195,305.150584254875,304.809350459501,,,,
0,0.596483136020362,0,12.1286612115532,308.067994773452,304.901210207401,,,,
0.453223169070483,0.605547599401772,0,11.983987284714,304.393277031735,304.870167495593,,,,
1,0.605547599401772,1,11.9457886653602,303.423032100149,304.874689106387,,,,
1,0.605547599401772,1,11.9455786410064,303.417697481561,304.87786961195,,,,
1,0.61793350084883,1,11.9438186603874,303.37299397384,304.820742701409,,,,
1,0.632812027646899,1,11.9379109921098,303.222939199588,304.697104719987,,,,
1,0.652812027646899,1,11.9477574970126,303.47304042412,304.641763565568,,,,
0.345233104932308,0.650988476527989,0,12.0930638435543,307.163821626278,304.687622807976,,,,
0.431461595377327,0.650564954791844,0,12.0078009958088,304.998145293544,304.699486522879,,,,
0,0.641300534145713,0,12.1333803062528,308.187859778822,304.780656768012,,,,
0,0.633358680268705,0,12.1084296476781,307.554113051025,304.815950485382,,,,
0.447708563131092,0.642312851531327,0,11.9914214428484,304.58210464835,304.819478486211,,,,
1,0.642312851531327,1,11.9489378573477,303.503021576632,304.827020862034,,,,
1,0.642312851531327,1,11.9402846193045,303.283229330335,304.827384450563,,,,
1,0.642312851531327,1,11.9406835482448,303.293362125419,304.829354385137,,,,
1,0.642312851531327,1,11.9470781444937,303.45578487014,304.831758837805,,,,
1,0.655161510549128,1,11.9443689476609,303.386971270587,304.762432638031,,,,
1,0.665871300320327,1,11.9428541910082,303.348496451609,304.745233708494,,,,
0,0.645871300320327,0,12.013198269707,305.135236050557,304.786292390219,,,,
0,0.636861396338105,0,12.0826799579024,306.900070930722,304.835297567477,,,,
0,0.616861396338105,0,12.075078014949,306.706981579704,304.906641981613,,,,
0,0.607725008415401,0,12.1331456421703,308.181899311126,304.985158030481,,,,
0.400534042620659,0.595735689267814,0,12.0362411092907,305.720524175984,305.033777565479,,,,
0.454773125335574,0.59575145869416,0,11.9844178933054,304.404214489958,305.034073204677,,,,
0.459246996068954,0.59686092700994,0,11.9788657411128,304.263189824266,305.006739691916,,,,
1,0.607415369158506,1,11.9489976966888,303.504541495895,304.99836940713,,,,
1,0.607415369158506,1,11.9463659390032,303.437694850682,305.001879526556,,,,
0.440464482903481,0.611153943455696,0,11.9987629086703,304.768577880226,304.908903383057,,,,
0,0.603702725242436,0,11.9952734537631,304.679945725583,304.873885039295,,,,
1,0.616655739377737,1,11.9452254715621,303.408726977679,304.803201044979,,,,
1,0.616655739377737,1,11.9481024532139,303.481802311634,304.805879679162,,,,
1,0.616655739377737,1,11.9419730273783,303.326114895409,304.805420127103,,,,
1,0.616655739377737,1,11.9491654815078,303.508803230298,304.809198467575,,,,
1,0.627988257224739,1,11.9419519076109,303.325578453317,304.778543782214,,,,
1,0.627988257224739,1,11.9455915475309,303.418025307285,304.779875946744,,,,
1,0.627988257224739,1,11.9504983734965,303.542658686812,304.782153441451,,,,
0.457856611379981,0.617145389452338,0,11.9791719777405,304.270968234609,304.797939144097,,,,
1,0.617145389452338,1,11.945321683836,303.411170769434,304.797501645768,,,,
0.357266679084301,0.604290723034024,0,12.0818551136523,306.87911988677,304.868803144537,,,,
0.304744164133071,0.590385606316686,0,12.1341863773763,308.208333985358,304.963689617933,,,,
0.406310299012064,0.578511812296927,0,12.029878192693,305.558906094402,305.005788997318,,,,
0.448853723853826,0.580502702373087,0,11.9885080882639,304.508105441902,304.954834747124,,,,
0.408147718778253,0.568665656748652,0,12.0305317321628,305.575505996936,304.997234534081,,,,
0.354563348853588,0.566208137144387,0,12.0833405372947,306.916849647287,305.059726461594,,,,
0.384520565629005,0.567718130116224,0,12.0541647519141,306.175784698619,305.021226012604,,,,
0.353367735353112,0.574785484823286,0,12.0853387019575,306.96760302972,304.956605006029,,,,
1,0.594785484823287,1,11.9510944202662,303.55779827476,304.88047672052,,,,
0.455597969585657,0.595762790327787,0,11.9820430927902,304.343894556872,304.855138176297,,,,
0.444129935872555,0.604645389045239,0,11.9932037165552,304.627374400503,304.799889409127,,,,
0.397881165167689,0.60411769992286,0,12.0387778280228,305.78495683178,304.812576860665,,,,
0.353596532833576,0.611189630579531,0,12.0827597436905,306.902097489738,304.789258914991,,,,
0.292608511105179,0.607977337420225,0,12.1444013048887,308.467793144174,304.87074923724,,,,
1,0.607977337420225,1,11.9482702380329,303.486064046037,304.872009876158,,,,
0.451210924562812,0.597001555911481,0,11.9858704639763,304.441109784997,304.892478122226,,,,
0.452090914872288,0.586043374208927,0,11.9829254297406,304.36630591541,304.912344361058,,,,
0.458589936637878,0.575215172941685,0,11.9776830341369,304.233149067077,304.932548558408,,,,
0.457894157633186,0.564373056094348,0,11.9784984918237,304.253861692321,304.948164983772,,,,
0.357270199045539,0.564613797976613,0,12.0796152449846,306.822227222609,304.941333095698,,,,
0.35476046668291,0.563079775402725,0,12.0832278985351,306.913988622792,304.979649962283,,,,
0.401130089390277,0.57110237719053,0,12.0354538112938,305.700526806864,304.929903302844,,,,
1,0.59110237719053,1,11.9467977209151,303.448662111243,304.847794284048,,,,
0.460507142192124,0.591358348771751,0,11.9754900982857,304.177448496456,304.839701161011,,,,
1,0.591358348771751,1,11.960369518128,303.793385760452,304.845508444687,,,,
1,0.591358348771751,1,11.9822437305808,304.348990756752,304.866823673215,,,,
0.398790488487482,0.5793341585415,0,12.0380198630363,305.765704521121,304.916270521129,,,,
1,0.5793341585415,1,11.9488146587044,303.499892331092,304.917152670348,,,,
1,0.5793341585415,1,11.9553746931314,303.666517205539,304.922743589047,,,,
1,0.5793341585415,1,11.951747959736,303.574398177294,304.927261623561,,,,
0.40072529384792,0.587348664418459,0,12.0364206273139,305.725083933772,304.939058581225,,,,
0.355682696527243,0.594462318349004,0,12.0802394514441,306.838082066681,304.937818803945,,,,
0.344028104868531,0.601342880446374,0,12.0927423537612,307.155655785534,304.946792288061,,,,
0.327318848872185,0.607889257423818,0,12.1121807530373,307.649391127148,304.936142124382,,,,
0.40060092188418,0.607890595009089,0,12.0379130908787,305.76299250832,304.936991491028,,,,
0,0.598795132502377,0,12.0851943835467,306.963937342086,304.988185948071,,,,
1,0.609610192580998,1,11.9478724824131,303.475961053292,304.972441372652,,,,
1,0.609610192580998,1,11.95505789662,303.658470574149,304.975519954217,,,,
1,0.609610192580998,1,11.9472905154884,303.461179093405,304.975989639071,,,,
0.39898995295763,0.608780701982081,0,12.0372231784761,305.745468733293,304.995527456132,,,,
1,0.628780701982081,1,11.9484110364825,303.489640326654,304.971721348154,,,,
1,0.628780701982081,1,11.9488322585106,303.500339366169,304.973553595924,,,,
1,0.628780701982081,1,11.9771831996411,304.220453270884,304.988326615109,,,,
1,0.628780701982081,1,11.9558041284025,303.677424861423,304.995352814429,,,,
1,0.628780701982081,1,11.9850503130078,304.420277950399,305.013582308831,,,,
0.350542379799485,0.615791549578071,0,12.0858444030553,306.980447837605,305.086679696517,,,,
0.24919330919683,0.600775415762007,0,12.1874656839937,309.56162837344,305.20955175784,,,,
0.350217370045184,0.587779763162911,0,12.0860192277968,306.984888386039,305.278396351824,,,,
0.236296171221136,0.583348554359734,0,12.201905738312,309.928405753125,305.391545102194,,,,
0.400714733964204,0.571362849039018,0,12.0376702135533,305.756823424254,305.438458155291,,,,
0,0.564217515457332,0,11.9911492325127,304.575190505823,305.392379567672,,,,
1,0.578122632174671,1,11.9507518107057,303.549095991924,305.299194807803,,,,
1,0.589996426194429,1,11.982449061653,304.354206165987,305.275100809235,,,,
1,0.601019351717353,1,11.9860394221157,304.445401321738,305.273846726832,,,,
1,0.612856397341788,1,11.9848590617806,304.415420169227,305.250645010278,,,,
0.451449108606578,0.614794112536848,0,11.9848027424008,304.413989656979,305.200587810471,,,,
0.398432625761627,0.6150723537395,0,12.0365109729856,305.727378713835,305.191619690776,,,,
1,0.628004999032438,1,11.9608294597298,303.805068277137,305.128368995724,,,,
0.398657903280855,0.615978157098055,0,12.0386335096121,305.781291144147,305.172838853112,,,,
1,0.626866197706342,1,11.9855571874261,304.433152560623,305.174624013187,,,,
1,0.637983598988891,1,11.9862517931104,304.450795545003,305.171092436077,,,,
1,0.650025975685537,1,11.9832856391072,304.375455233324,305.142902404108,,,,
1,0.662954045028865,1,11.9803018852979,304.299667886566,305.090853812044,,,,
0.404234695202113,0.665186568710804,0,12.0340434801579,305.664704396009,305.034792037081,,,,
0.303218847596646,0.651250945662737,0,12.1328370589018,308.174061296105,305.128551982082,,,,
1,0.662226727171481,1,11.9878909217268,304.492429411861,305.12957837462,,,,
0.476740030100942,0.662719709476054,0,11.9635879360199,303.875133574905,305.11975492781,,,,
0.253478275343776,0.658617476250172,0,12.1824919787645,309.435296260619,305.22379787168,,,,
0.197519104903936,0.653409975195587,0,12.2426269965529,310.962725712445,305.357975152083,,,,
0.234326166248321,0.650951094539642,0,12.2011125737131,309.908259372312,305.419695795077,,,,
0.217771788546443,0.648211320976913,0,12.2192086944371,310.367900838704,305.488774039395,,,,
0.405379855924844,0.648296316307604,0,12.0328795463085,305.635140476236,305.487466312783,,,,
0.350955388584733,0.635315424079299,0,12.085721204412,306.977318592064,305.558039442399,,,,
0.456327774882316,0.635231836733103,0,11.9814998454392,304.330096074156,305.561092393953,,,,
0.399103765037655,0.623213912033856,0,12.0372994443029,305.747405885294,305.60017279645,,,,
1,0.623213912033856,1,11.9363187963098,303.18249742627,305.57684292984,,,,
1,0.635238102264106,1,11.9406659484386,303.292915090342,305.527387141225,,,,
0.261135364356637,0.620460809551239,0,12.1776778451115,309.313017265832,305.643649639919,,,,
0.353040378957987,0.607521617130399,0,12.0841536483407,306.937502667854,305.709069349166,,,,
0.35834848050475,0.594688586740494,0,12.080005960682,306.832151401324,305.774224413646,,,,
0,0.586674080863535,0,12.1760610095829,309.271949643405,305.845161727839,,,,
0.199299031969906,0.583546407572389,0,12.2360681354463,310.796130640336,305.924322699312,,,,
0.307661038678885,0.582819066248596,0,12.1276052231818,308.041172668819,305.942033036978,,,,
0.255636011582613,0.581385409502804,0,12.1806768520862,309.389192042989,305.976829055295,,,,
0.255079857707024,0.578474988219261,0,12.1815286827058,309.410828540726,306.049785775943,,,,
0.308821452566981,0.584651417270601,0,12.1297758659452,308.096306995009,306.072433169001,,,,
0.350548246401548,0.571662382198632,0,12.0847567350328,306.952821069833,306.141970369332,,,,
0.354904785093664,0.558760477900505,0,12.0816885021538,306.874887954705,306.206298716943,,,,
0.331264725419878,0.545385772408903,0,12.1045142774612,307.454662647514,306.286168388025,,,,
0.450713436707854,0.546420242083907,0,11.9851934580982,304.423913835694,306.259737290073,,,,
0.134159802621603,0.529103438136339,0,12.3063418149203,312.581082098976,306.44156612552,,,,
0.321212889444828,0.515527695925236,0,12.117087579003,307.774024506676,306.52703982833,,,,
0.349284580317139,0.502513387531579,0,12.0873943593204,307.019816726738,306.583027097447,,,,
0.350538859838247,0.489524164728344,0,12.0872758539587,307.016806690552,306.64981473403,,,,
0.350381634902954,0.476531797426403,0,12.0852213699162,306.964622795871,306.700701630939,,,,
0.360820666614174,0.476737363162697,0,12.0756811016411,306.722299981683,306.69553867382,,,,
0.355545418038965,0.478864405339539,0,12.0824218274117,306.893514416256,306.642176394677,,,,
0.402110985255241,0.47990227764374,0,12.0353881053507,305.698857875909,306.616455784474,,,,
0.349007676699758,0.482156507753313,0,12.0869801772147,307.009296501254,306.558073599437,,,,
0.346293786585331,0.481068088805735,0,12.0862667984039,306.991176679458,306.582760664541,,,,
0.300285546565055,0.487073799737036,0,12.1373297027618,308.288174450149,306.657020343427,,,,
0.305509169042111,0.473183983117879,0,12.1313938747942,308.137404419774,306.748786511984,,,,
0.350314755639433,0.460190278230667,0,12.0851556639731,306.962953864917,306.800961465963,,,,
0.248517476639153,0.44516062776345,0,12.1890508398712,309.601891332728,306.904091266183,,,,
0.305045707479119,0.431261541913033,0,12.1339188603222,308.201539052185,306.979813643842,,,,
0.449022681993245,0.431213013380766,0,11.9889621632636,304.519638946894,306.98192662964,,,,
0.403520143070818,0.43131476372695,0,12.0331400234401,305.641756595379,306.980214187271,,,,
0.401056170204283,0.419335887131035,0,12.0349504568368,305.687741603655,307.017867653802,,,,
0.351930417847635,0.418401337422371,0,12.0851368908465,306.962477027501,307.041491371469,,,,
0.396525980091095,0.406331857024193,0,12.0418460609019,305.862889946908,307.070086119194,,,,
0.405627426531911,0.394444405554831,0,12.030233708778,305.567936202962,307.092428932353,,,,
0.408749632149936,0.38261939819783,0,12.0271291029662,305.489079215341,307.114701411994,,,,
0.448985135740042,0.37159910091263,0,11.9878275624245,304.490820085583,307.118524455974,,,,
1,0.383514407008588,1,11.954568622008,303.646042999002,307.078151228034,,,,
0.354023621463776,0.384530502485931,0,12.0837523727596,306.927310268093,307.053216207474,,,,
0.456121270489692,0.373652927895725,0,11.97993815597,304.290429161637,307.049176202469,,,,
1,0.384118127293706,1,11.9466721756309,303.445473261026,307.040582996192,,,,
1,0.39904856178683,1,11.9491478817016,303.50835619522,306.922044194884,,,,
0.451524201112987,0.404128663711011,0,11.9855196411729,304.432198885791,306.791433658351,,,,
0.447145369333029,0.408385047772706,0,11.9920374360651,304.597750876053,306.685223488425,,,,
0.399031019172073,0.412010232385218,0,12.036398334226,305.724517689341,306.592355825438,,,,
1,0.423902635266721,1,11.9491361484975,303.508058171836,306.54981417935,,,,
1,0.436883527495027,1,11.9485307151645,303.492680165179,306.480121410813,,,,
0.461890486958621,0.436994781736553,0,11.9745878148884,304.154530498164,306.476610099293,,,,
1,0.4490127064358,1,11.9507858369976,303.54996025974,306.432661186782,,,,
0.408879870715738,0.437190303850114,0,12.0316182268649,305.603102962369,306.481073297504,,,,
0.347096337747574,0.424132230605066,0,12.0901375824451,307.089494594107,306.557004887579,,,,
1,0.438909523317933,1,11.9557173026919,303.675219488375,306.44424893203,,,,
0.249515972310304,0.43683903518498,0,12.1858148221731,309.519696483197,306.495892808337,,,,
0.353685705184937,0.436745779678583,0,12.0829064087421,306.905822782049,306.497366235951,,,,
0.253249477863312,0.44181076923585,0,12.1850545105457,309.500384567862,306.50193493444,,,,
0.300697382029892,0.443838736237049,0,12.1370469325423,308.280992086575,306.451632163365,,,,
0.301158496952057,0.443708685402513,0,12.1350393813163,308.230000285434,306.455408715697,,,,
0.350101211324335,0.445597989397347,0,12.0891907128721,307.065444106953,306.408933756977,,,,
0.406532056570054,0.448627033374608,0,12.03049535923,305.574582124443,306.332208828651,,,,
0.296731559035182,0.448385235503972,0,12.1383317183942,308.313625647212,306.336555201695,,,,
0.348167579284311,0.448337622161627,0,12.0919832154542,307.136373672537,306.340226253749,,,,
0.399995488551259,0.449239436230779,0,12.0354596778959,305.700675818556,306.316742011026,,,,
0.403829899659753,0.450690739715576,0,12.033699697277,305.655972310834,306.280768204293,,,,
1,0.461676470981419,1,11.9561361780792,303.685858923213,306.266007106043,,,,
1,0.478993274928987,1,11.980697294277,304.309711274635,306.100579689556,,,,
0.397994977247714,0.480528916685045,0,12.0406739138097,305.833117410765,306.061761547638,,,,
1,0.493543225078702,1,11.9842301620394,304.399446115801,306.009354135419,,,,
0.406246939709783,0.494657386676133,0,12.0327023749262,305.630640323126,305.981630808071,,,,
0.401615844041109,0.495682070858896,0,12.0356485824823,305.705473995051,305.956447832054,,,,
0.087701007562876,0.49021967767787,0,12.3505220217377,313.703259352137,306.096067019463,,,,
0.383759080681205,0.490783950930715,0,12.053709503594,306.164221391289,306.081481158964,,,,
0.452268086254597,0.491787092950702,0,11.9852286577106,304.424807905848,306.056000159563,,,,
1,0.504806939416707,1,11.9330757386893,303.100123762708,305.977816704792,,,,
0.452884079471231,0.506938745274425,0,11.9829958289653,304.368094055719,305.925355052317,,,,
1,0.520933034343124,1,11.9379438450813,303.223773665066,305.824067036615,,,,
0.455194347363712,0.523926737909556,0,11.984396773538,304.403678047865,305.749392509177,,,,
1,0.536920442796767,1,11.9482819712371,303.486362069421,305.679860673267,,,,
1,0.551950093263984,1,11.934436790368,303.134694475346,305.55051673612,,,,
1,0.565849179114402,1,11.9419343078047,303.32513141824,305.452988583441,,,,
0.456339508086442,0.565995515636266,0,11.9805811355561,304.306760843125,305.448731021365,,,,
1,0.577925112774849,1,11.9458332515359,303.424164589012,305.404379181238,,,,
0.402478234544397,0.577953554061651,0,12.034558567819,305.677787622603,305.404180101617,,,,
0.40262137963474,0.578967373297394,0,12.0351170683354,305.691973535719,305.378770031781,,,,
0.357962458088993,0.578196102857351,0,12.0801068662375,306.834714402433,305.398206520892,,,,
1,0.590083554326713,1,11.9495550238848,303.518697606673,305.357221748966,,,,
0.352693076115848,0.588962423206032,0,12.0848294808984,306.954668814819,305.386533540956,,,,
0.403814646494389,0.588059013421119,0,12.0340645999253,305.665240838102,305.410021956006,,,,
0.354828519266842,0.575155583806455,0,12.0805726744413,306.84654593081,305.474032014642,,,,
0.290579840111732,0.573886708179414,0,12.1448166603148,308.478343171996,305.50505267272,,,,
0.193227098834516,0.568628824746311,0,12.2458336812407,311.044175503513,305.640127599558,,,,
0.253020680382848,0.553689238353968,0,12.185319680959,309.507119896358,305.761360532264,,,,
0,0.533689238353968,0,12.2896865316629,312.158037904239,305.934354166445,,,,
0,0.524658754331708,0,12.1459841141254,308.507996498784,306.015870118705,,,,
0.168872487029432,0.519093296685636,0,12.274684456867,311.776985204421,306.159454805272,,,,
0,0.511112676302195,0,12.1970622716486,309.805381699876,306.241072085483,,,,
0.155900256547332,0.494230681433141,0,12.2804912195891,311.924476977563,306.409400461597,,,,
0,0.474230681433141,0,12.1786775141031,309.338408858218,306.526315035458,,,,
0.131096263024212,0.467614796954453,0,12.3058853932798,312.569488989307,306.694614205281,,,,
0,0.447614796954453,0,12.2456260035276,311.038900489602,306.844393009878,,,,
0,0.439437199540138,0,12.4038201014817,315.057030577635,307.033471562183,,,,
0,0.432495272785187,0,12.3874874813378,314.64218202598,307.184525310821,,,,
0,0.412495272785187,0,12.3895548719049,314.694693746383,307.404914795981,,,,
0,0.407504953338981,0,12.4384541734219,315.936736004915,307.533255586415,,,,
0.056475431421399,0.40156074786371,0,12.3814178948432,314.488014529018,307.684899421355,,,,
0,0.396495758306444,0,12.3846480459392,314.570060366856,307.786292937335,,,,
0,0.390481810665846,0,12.3964387427658,314.869544066251,307.918063976928,,,,
0.107750706773997,0.386613654862285,0,12.3294949466228,313.16917164422,308.016847404104,,,,
0,0.379611630635798,0,12.3879298231334,314.653417507587,308.168606872117,,,,
0.103519713366032,0.373551383771718,0,12.3352559498489,313.315501126162,308.323425252151,,,,
0,0.367616752591014,0,12.4315257163852,315.760753196185,308.47236780313,,,,
0.005602604970337,0.360765453104735,0,12.4332375908673,315.804234808029,308.64572502584,,,,
0.006346490111946,0.352892473135948,0,12.4320501906097,315.774074841486,308.847193006299,,,,
0.008737717112899,0.344990629485011,0,12.4283788710386,315.680823324379,309.04769002657,,,,
0.058180265980958,0.32615423480463,0,12.3800568431646,314.45344381638,309.263041724433,,,,
0,0.30615423480463,0,12.3850669213265,314.580699801694,309.468461494974,,,,
0,0.298194335259676,0,12.2427337687105,310.965437725247,309.571107901264,,,,
0.002557838499547,0.278245492029667,0,12.43281871548,315.793595373191,309.798990886412,,,,
0.071556118685006,0.271551675609171,0,12.3708673976928,314.220031901397,309.970778717977,,,,
0,0.263519358728349,0,12.087057616362,307.011263455594,309.996894507188,,,,
0,0.261765338577092,0,12.2866511517555,312.080939254588,309.964448105237,,,,
0.359865583798289,0.261287468639433,0,12.0793923141062,306.816564778298,309.977494972977,,,,
0.243894594213367,0.257119998798609,0,12.1920885664195,309.679049587055,310.082579806601,,,,
0.45332407462597,0.246186480291128,0,11.9868724796087,304.46656098206,310.109908550988,,,,
0.285445389986039,0.242837706501424,0,12.153919280076,308.709549713931,310.196737664153,,,,
0.182628495547176,0.226490276412368,0,12.2548166223198,311.272342206923,310.35770903499,,,,
0.200583817821741,0.221398065821529,0,12.2385532280803,310.859251993239,310.486820513897,,,,
0.205126914459466,0.205500604110718,0,12.2316235977232,310.68323938217,310.630758060152,,,,
0.398567557609081,0.193471955262899,0,12.0375775212407,305.754469039514,310.683153551436,,,,
