Rewardlist,,ButtonData,Zposition(Inches),Zposition(mm),,,,,,,
0.08767569065094,0.08767569065094,0,12.1288207831293,308.072047891485,308.072047891485,,,,,,
0.542747378349304,0.315211534500122,0,11.9634283644438,303.871080456872,305.971564174179,,,,,,
0.3393434882164,0.323255519072215,0,12.124520563817,307.962822320952,306.63531688977,,,,,,
0.690132081508637,0.41497465968132,0,12.1257126573563,307.993101496849,306.974763041539,,,,,,
0.293642252683639,0.390708178281784,0,12.1318948826104,308.150130018305,307.209836436893,,,,,,
0.56628030538559,0.419970199465752,0,12.1259578813225,307.999330185592,307.341418728342,,,,,,
0.436283946037293,0.422300734690258,0,12.1776989648789,309.313553707924,307.623152296854,,,,,,
0.621595978736877,0.447212640196085,0,12.079482659778,306.818859558361,307.522615704542,,,,,,
1,0.508633457952076,0,12.0681659843981,306.531416003712,307.41248240445,,,,,,
0.762106895446777,0.533980801701546,0,12.1775863261193,309.31069268343,307.602303432348,,,,,, 
0.307272017002106,0.513370912183415,0,12.1564524788469,308.773892962711,307.708811571472,,,,,,
0.020250253379345,0.472277523949742,0,12.0524657839566,306.132630912499,307.577463183224,,,,,,
0.237583339214325,0.454224125123941,0,12.1992223545283,309.860247805019,307.753062000285,,,,,,
0.194487810134888,0.435671531196152,0,12.1909903385133,309.651154598237,307.888640042996,,,,,,
0.017716735601425,0.407807878156503,0,12.226831757158,310.561526631814,308.066832482251,,,,,,
0.622465252876282,0.421223964076489,0,12.1778421099693,309.317189593219,308.144979801686,,,,,,
0.712392389774323,0.438351518529303,0,12.1897466188759,309.619564119447,308.231720055672,,,,,,
-0.064601689577103,0.410409673634503,0,12.2243196781546,310.497719825126,308.357608931753,,,,,,
0.685749292373657,0.424901232515511,0,12.1336806762785,308.195489177473,308.349076313107,,,,,,
0.509157180786133,0.429114029929042,0,12.3071877789378,312.60256958502,308.561750976702,,,,,,
0.598081111907959,0.437160081451848,0,12.223024332419,310.464818043444,308.652373217976,,,,,,
0.086393475532532,0.421216144819151,0,12.2894577341825,312.152226448235,308.811457455715,,,,,,
-0.072641089558601,0.399744091150553,0,12.288134228757,312.118609410428,308.955246671137,,,,,,
0.052400946617127,0.385271460128327,0,12.274818215394,311.780382671008,309.072960671132,,,,,,
0.558837711811066,0.392214110195637,0,12.2245977550924,310.504782979346,309.13023356346,,,,,,
0.079861789941788,0.380200559416643,0,12.3001502031028,312.423815158812,309.256909778666,,,,,,
0.007960588671267,0.366413893833481,0,12.2361842941672,310.799081071846,309.314027233969,,,,,,
0.409517198801041,0.367953297582322,0,12.2739370517641,311.758001114809,309.401312015428,,,,,,
0.690614521503449,0.37907954668305,0,12.2162284605891,310.292202898962,309.432032390722,,,,,,
1,0.399776895126949,0,12.3805684108645,314.466437635958,309.599845898896,,,,,,
0.439040064811707,0.401043448987747,0,12.3003203345627,312.428136497892,309.691081079509,,,,,,
-0.017096996307373,0.387976560072275,0,12.2827745011121,311.982472328247,309.762687056032,,,,,,
-0.078886419534683,0.373829197053882,0,12.2847034398705,312.03146737271,309.83143797472,,,,,,
-0.097462527453899,0.35996767574483,0,12.2390800489455,310.872633243217,309.862061364969,,,,,,
0.28673043847084,0.357875183251287,0,12.0291061478615,305.539296155682,309.738553787561,,,,,,
0.361343324184418,0.35797152049943,0,12.0257492781609,305.454031665288,309.619539284165,,,,,,
0.132032930850983,0.351865072130553,0,12.2456095770419,311.038483256863,309.657889121265,,,,,,
0.268305540084839,0.349666137076718,0,12.371999651891,314.248791158031,309.778702332759,,,,,,
1,0.366341364331161,1,11.9209670720309,302.792563629585,309.599570571139,,,,,,
0.674768686294556,0.374052047380246,0,11.9328891807437,303.09538519089,309.436965936633,,,,,,
0.340533137321472,0.373234512988569,0,12.0930309905827,307.162987160801,309.381503039661,,,,,,
0.990680456161499,0.387935606873639,1,11.9171150611162,302.694722552352,309.222293980439,,,,,,
1,0.40216966252774,1,11.9222882308155,302.826121062714,309.07354577305,,,,,,
0.92205822467804,0.41398531166752,1,11.9290723694414,302.998438183811,308.935475146022,,,,,,
0.129806607961655,0.407670229362945,0,12.225952940169,310.539204680292,308.971113580117,,,,,,
0.077044561505318,0.400482714844301,0,11.9469608124524,303.452804636292,308.851150342208,,,,,,
0.930266499519348,0.411754710262919,1,11.8879240225703,301.953270173284,308.704386934358,,,,,,
0.884322047233581,0.421599863116474,1,11.9009443591893,302.283986723407,308.57062859663,,,,,,
0.582937300205231,0.424892463873388,0,11.9962789893568,304.705486329662,308.491748142202,,,,,,
0.156234860420227,0.426291630603373,0,12.2499931021035,311.149824793428,308.554559915711,,,,,,
1,0.43562331675951,1,11.8968330444634,302.17955932937,308.520039076375,,,,,,
0.904959917068481,0.447166509185062,1,11.8879111160457,301.952942347561,308.397388464673,,,,,,
0.885112524032593,0.451145701889633,1,11.8893918464065,301.990552898724,308.274887472874,,,,,,
1,0.465561166120579,1,11.902297197625,302.318348819676,308.155871530045,,,,,,
1,0.474412588459649,1,11.9040313651949,302.362396675951,308.040832070665,,,,,,
0.525283455848694,0.476228904986412,0,11.9594273418367,303.769454482652,307.927687188516,,,,,,
0.434934556484222,0.472419488205746,0,12.003044354856,304.877326613343,307.888064067189,,,,,,
0.818921566009522,0.468724009961042,1,11.8915613158494,302.045657422575,307.796517973697,,,,,,
0.275257110595703,0.458788300066122,0,12.0574688221961,306.259708083782,307.734252981867,,,,,,
0.96028071641922,0.472115008217492,1,11.9167302120209,302.68494738533,307.609988786411,,,,,,
0.835943758487701,0.488761814444193,1,11.9102875096351,302.521302744731,307.536288211558,,,,,,
1,0.504321338133696,1,11.9280351541966,302.972092916594,307.395713621998,,,,,,
0.947564959526062,0.519690259549843,1,11.9238827732563,302.86662244071,307.257253782049,,,,,,
1,0.539736856782467,1,11.9042883223653,302.368923388078,307.090057797483,,,,,,
0.92699384689331,0.54595172604812,1,11.9179422520071,302.715733200981,306.955334197641,,,,,,
0.779021739959717,0.547311508704965,1,11.9044396806985,302.372767889742,306.807440397035,,,,,,
0.486212015151978,0.558552604719844,0,12.0387496683329,305.784241575657,306.711246963372,,,,,,
0.912225186824799,0.56317456174946,1,11.9077238045335,302.45618463515,306.594118299243,,,,,,
0.794879794120789,0.569005635490983,1,11.9323999061316,303.082957615743,306.399840503952,,,,,,
0.477824419736862,0.56655141728341,0,12.0003551044703,304.809019653544,306.284416047015,,,,,,
1,0.585196448394991,1,11.9285267754495,302.984580096418,306.097321223509,,,,,,
1,0.607087082875778,1,11.9150230308205,302.64158498284,305.903912561721,,,,,,
1,0.626425839067266,1,11.911020834893,302.539929206282,305.715331878768,,,,,,
0.45127663050592,0.624230714958997,1,11.9285302954108,302.984669503433,305.561860175177,,,,,,
0.599930584430695,0.634844363826118,1,11.9171584739715,302.695825238876,305.363329768648,,,,,,
1,0.655090066098133,1,11.9081168668717,302.466168418542,305.193270326744,,,,,,
0.844346344470978,0.663964130295479,1,11.9121237560809,302.567943404454,305.005718128573,,,,,,
0.992129683494568,0.670117500948359,1,11.9143765312731,302.625163894337,304.849247944806,,,,,,
0.562642812728882,0.661191844065275,1,11.9272537228018,302.952244559166,304.614264412626,,,,,,
1,0.672640006007893,1,11.9263162397921,302.92843249072,304.420392902276,,,,,,
0.637824892997742,0.686005758850854,1,11.9254773156971,302.907123818706,304.235181708204,,,,,,
0.256702065467834,0.692854503442742,1,11.930749044311,303.041025725501,304.05170330724,,,,,,
0.807381927967072,0.71132071681868,1,11.9324022527725,303.08301722042,303.892731551673,,,,,,
1,0.725877238482541,1,11.9333021895289,303.105875614035,303.843069907966,,,,,,
1,0.738911048193063,1,11.9117799732,302.559211319279,303.783991941721,,,,,,
0.879328846931458,0.75416198525593,1,11.9020097341239,302.311047246748,303.605881002739,,,,,,
0.45590185957253,0.757990481572005,1,11.9245198862404,302.882805110505,303.37392210381,,,,,,
1,0.757990481572005,1,11.9273428951532,302.95450953689,303.377227122326,,,,,,
0.975239038467407,0.764122529575533,1,11.930896882683,303.044780820149,303.376194380066,,,,,,
0.735328793525696,0.772179583783782,1,11.9256216341078,302.910789506339,303.289414836098,,,,,,
0.760637640953064,0.767484832452998,1,11.9301330510944,303.025379497798,303.296162937025,,,,,,
1,0.767484832452998,1,11.9220183671206,302.819266524864,303.296023048497,,,,,,
0.898050665855408,0.766994882272944,1,11.9244002075583,302.87976527198,303.293601152338,,,,,,
0.694665610790253,0.778522617024548,0,11.9281806459278,302.975788406566,303.13924571818,,,,,,
0.351978629827499,0.784133516378062,1,11.8992876307666,302.241905821472,303.114533497469,,,,,,
0.446796893170475,0.774266789717881,1,11.9334101350069,303.108617429175,303.138112012896,,,,,,
0.668612241744995,0.769864548789542,1,11.9220113271981,302.819087710833,303.149032441211,,,,,,
0.445543348789215,0.767060590597379,1,11.9009877720445,302.285089409931,303.099636585706,,,,,,
0.825630486011505,0.780721725813527,1,11.9177908936739,302.711888699317,302.927433808275,,,,,,
0.032634407281876,0.760979570860096,0,12.0907007762432,307.103799716577,303.027928510055,,,,,,
1,0.762919164389311,1,11.9244236739665,302.88036131875,303.046855427834,,,,,,
0.888362407684326,0.762985488545469,1,11.9145173297226,302.628740174955,303.059879657961,,,,,,
0.455824420425294,0.751879864472516,1,11.9243650079459,302.878871201826,303.07131889025,,,,,,
0.451327083283662,0.740682458008917,1,11.9261285085261,302.923664116563,303.082773327813,,,,,,
0.470391631126404,0.739562216688054,0,12.215799025318,310.281295243078,303.21566803721,,,,,,
0.094275966286659,0.732610000561573,0,12.1877637073785,309.569198167414,303.311420517905,,,,,,
1,0.736305478806277,1,11.9296860160172,303.014024806837,303.331183117584,,,,,,
0.763643264770508,0.746272543177191,1,11.9147930600196,302.635743724498,303.257224661272,,,,,,
0.786404490470886,0.742724048770082,1,11.9100657520771,302.515670102758,303.253770022852,,,,,,
0.45158404045403,0.734879972891844,1,11.9290406897903,302.997633520672,303.263491059096,,,,,,
0.735284090042114,0.729477607382499,0,12.0255193073601,305.448190406945,303.31402366094,,,,,,
0.274414360523224,0.715739840055911,0,12.1396998099953,308.34837517388,303.425896165698,,,,,,
0.02523609995842,0.695846699238736,0,11.9425972338378,303.341969739481,303.445754254503,,,,,,
1,0.697336620730709,1,11.9273616682798,302.954986374306,303.450636972325,,,,,,
0.81411349773407,0.698052779052635,1,11.9351313960522,303.152337459727,303.466546555386,,,,,,
1,0.708538248131166,1,11.9285009624004,302.983924444971,303.409397226189,,,,,,
0.883078813552856,0.70794342418684,1,11.927586945799,302.960708423294,303.419693630028,,,,,,
1,0.712129550837436,1,11.9265016244173,302.9331412602,303.416636153385,,,,,,
1,0.722786195332603,1,11.9081508931637,302.467032686357,303.368840500993,,,,,,
0.643161654472351,0.715503780117753,1,11.9271692437321,302.950098790795,303.368136800878,,,,,,
0.92041802406311,0.713879658159857,1,11.9391922580004,303.255483353209,303.380665339049,,,,,,
1,0.713879658159857,1,11.9272103099465,302.951141872642,303.389057434281,,,,,,
0.469314128160477,0.714247770356889,0,12.0483884955227,306.029067786278,303.451188011482,,,,,,
0.049368143081665,0.703011802166092,0,11.9567955841511,303.702607837439,303.471734595126,,,,,,
0.946598649024963,0.701921978676806,1,11.9272971356571,302.95334724569,303.48167702017,,,,,,
0.979140996932983,0.70467288995154,1,11.9243978609174,302.879705667303,303.48803951533,,,,,,
0.918977916240692,0.703179996742278,1,11.9251006798446,302.897557268053,303.493598563773,,,,,,
0.750101983547211,0.707005694105917,1,11.9254245162785,302.905782713474,303.492650362841,,,,,,
0.83328241109848,0.703603294332417,1,11.9350797699541,303.151026156834,303.497193090721,,,,,,
0.994735896587372,0.710887192364858,1,11.9328316880435,303.093924876304,303.501005357202,,,,,,
0.74770200252533,0.720907599243582,1,11.9237091218352,302.862211694615,303.497356091266,,,,,,
0.984197854995728,0.72451608755029,1,11.934127033779,303.126826657987,303.49825016142,,,,,,
0.913233280181885,0.722745338166247,1,11.9287180266768,302.98943787759,303.495873881085,,,,,,
1,0.722745338166247,1,11.9221791120172,302.823349445236,303.501264455084,,,,,,
0.968569755554199,0.724566581199364,1,11.9329431534827,303.09675609846,303.517299329609,,,,,,
0.484276056289673,0.725145646438489,1,11.9324562255114,303.08438812799,303.521413268741,,,,,,
0.98892879486084,0.724919703476465,1,11.921254535532,302.799865202513,303.518257261917,,,,,,
0.99627286195755,0.725348965180346,1,11.9326134504467,303.088381641347,303.519147074594,,,,,,
0.597003221511841,0.72252599432292,1,11.922650786823,302.835329985305,303.517607084369,,,,,,
0.002133251167834,0.707046312898732,0,12.032241260004,305.618928004103,303.570536645722,,,,,,
0.738618075847626,0.70171198791603,1,11.9310306412101,303.048178286736,303.575208314332,,,,,,
0.985298693180084,0.703492559902248,1,11.9135446471006,302.604034036354,303.569581146258,,,,,,
1,0.709723873967753,1,11.9340859675646,303.12578357614,303.572642272168,,,,,,
0.792941212654114,0.71872311035197,1,11.9362777300954,303.181454344423,303.59181673182,,,,,,
0.298163294792175,0.715689771609556,0,11.9703662080437,304.04730168431,303.610973553353,,,,,,
0.306845992803574,0.708306786937282,0,12.0439275313139,305.915759295373,303.674170932629,,,,,,
0.715233445167542,0.713810666455207,0,12.256432284528,311.313380027012,303.858421761549,,,,,,
0.11350679397583,0.69927752988305,0,12.2327628918439,310.712177452835,304.021692960601,,,,,,
1,0.719019684836481,1,11.8815106531948,301.790370591148,303.91325563151,,,,,,
0.465061724185944,0.708102577166807,0,12.1818888920724,309.41997785864,304.046717193549,,,,,,
0.896560549736023,0.70826988618827,1,11.9022549580902,302.317275935491,304.040360780499,,,,,,
0.228547275066376,0.703631577099312,0,12.1135793509692,307.684915514618,304.138443317494,,,,,,
0.768203020095825,0.710098432952622,1,11.9152224952906,302.646651380382,304.132789996348,,,,,,
0.73520427942276,0.715502772713772,1,11.9118832253963,302.561833925065,303.97524996945,,,,,,
0.550818085670471,0.724819958823646,0,12.2220234901071,310.439396648719,303.993009122129,,,,,,
0.771612524986267,0.720158989945814,1,11.9262552271307,302.926882769119,303.991230713196,,,,,,
0.679420590400696,0.718440159856634,1,11.9159851535589,302.666022900395,303.991848655562,,,,,,
0.57849794626236,0.714197169158501,0,12.0226059527755,305.374191200497,304.050185820822,,,,,,
0.903267323970795,0.723415195352721,0,12.0863043446571,306.992130354289,304.131706164365,,,,,,
0.763618469238281,0.723993447989377,0,12.0219371601403,305.357203867563,304.129849296214,,,,,,
0.955696642398834,0.737897168027655,1,11.9109891552418,302.539124543143,304.011293160893,,,,,,
0.749925851821899,0.752686754800379,1,11.9326474767387,303.089245909163,304.006135531703,,,,,,
0.552661240100861,0.743557392353458,0,12.227013621822,310.566145994279,304.161465319866,,,,,,
1,0.747350994440518,1,11.9231318481922,302.847548944082,304.155245146077,,,,,,
0.834397673606873,0.743971355126372,0,11.9693935254216,304.022595545709,304.17644251548,,,,,,
0.048532880842686,0.726939805479226,0,12.2247772731155,310.509342737134,304.330496276987,,,,,,
0.763075530529022,0.722104612224716,0,12.0161984500021,305.211440630053,304.376992182494,,,,,,
0.502300262451172,0.71194747472372,0,12.1360237971425,308.25500444742,304.495114055169,,,,,,
0.295161962509155,0.704845440193859,0,12.0457227115452,305.961356873249,304.556568301749,,,,,,
0.429035156965256,0.694817218416351,1,11.9260135231257,302.920743487391,304.549736875916,,,,,,
-0.554656147956848,0.663089541927436,0,12.0284103688568,305.521623368962,304.602195681964,,,,,,
0.914939880371094,0.672183945033775,1,11.9312512254477,303.05378112637,304.541475546047,,,,,,
0.100581526756287,0.673229116129176,0,12.1067212931573,307.510720846196,304.619192138063,,,,,,
0.813936114311218,0.670521717461548,1,11.9300427054226,303.023084717735,304.620615351778,,,,,,
0.950015902519226,0.669927327779635,1,11.9321288691163,303.076073275554,304.624622853987,,,,,,
0.299176335334778,0.657278315924412,0,11.9646192846626,303.90132983043,304.645108008321,,,,,,
0.317618310451508,0.648452118514296,0,12.0343802231163,305.673257667154,304.701587089009,,,,,,
1,0.651854518287796,1,11.9272279097527,302.951588907719,304.697516941067,,,,,,
-0.060417085886002,0.630320783951605,0,12.0677435890496,306.520687161859,304.767450865262,,,,,,
0.307290554046631,0.621332795207142,1,11.9308546431482,303.043707935964,304.771154870188,,,,,,
0.366131961345673,0.608719205540814,0,12.163254217279,308.946657118886,304.88992692041,,,,,,
0.968572020530701,0.609848567588749,1,11.9241186106592,302.872612710745,304.887542733332,,,,,,
0.971015751361847,0.609257052310419,1,11.9328751008987,303.095027562828,304.893087184711,,,,,,
0.560590445995331,0.600930943952075,1,11.9321840151757,303.077473985463,304.892693672201,,,,,,
0.723212361335754,0.605807195075465,1,11.9382559483111,303.231701087102,304.895700059122,,,,,,
0.776210308074951,0.601466001467589,1,11.9227141461253,302.836939311583,304.896456673593,,,,,,
0.721445202827454,0.59585727373024,0,11.9823141298056,304.350778897061,304.922219882893,,,,,,
0.724296629428864,0.598455098381608,0,11.9821017588109,304.345384673796,304.953037325515,,,,,,
-0.074885189533234,0.596883293469342,0,12.2199889525116,310.387719393793,305.050359598774,,,,,,
0.755456566810608,0.597226936142055,0,12.0267864934057,305.480376932505,305.099996305831,,,,,,
1,0.59752696281185,1,11.9277441707343,302.964701936651,305.107356875224,,,,,,
1,0.59752696281185,1,11.9245762056202,302.884235622752,305.102427325155,,,,,,
0.896442234516144,0.599639228564136,1,11.9219550078183,302.817657198586,305.095002893608,,,,,,
0.142678499221802,0.596466069470863,0,12.3219305499226,312.977035968034,305.277242368786,,,,,,
0.39713928103447,0.59830878963884,0,12.0838755714029,306.930439513634,305.297950128342,,,,,,
0.491800576448441,0.593748935175185,0,11.9749843971878,304.164603688571,305.15205673368,,,,,,
0.796697378158569,0.607691600158507,1,11.9327460356534,303.091749305595,304.996537791899,,,,,,
0.446212579604984,0.596389816068812,1,11.9303055291951,303.029760441555,305.021831462316,,,,,,
0.481735318899155,0.596730093511939,0,12.1788758052528,309.343445453421,305.020269576495,,,,,,
0.680777966976166,0.592326367333166,1,11.9293997258365,303.006753036247,305.034340537735,,,,,,
1,0.608070300495077,1,11.9297118290663,303.014680458283,304.939029618218,,,,,,
0.987338423728943,0.612542451589631,1,11.9169543162197,302.69063963198,304.939927337638,,,,,,
0.720404863357544,0.612240422690341,1,11.92474633708,302.888556961832,304.946595154715,,,,,,
1,0.6214074005338,1,11.9216722375989,302.810474835012,304.790902872803,,,,,,
1,0.626068369411632,1,11.9284376030982,302.982315118693,304.792034145243,,,,,,
1,0.63261080634223,1,11.9296590296477,303.013339353052,304.799122236114,,,,,,
-0.102435082197189,0.618714213924688,0,12.2701225871027,311.661113712407,304.927426777173,,,,,,
1,0.620688350170182,1,11.8843500885934,301.862492250271,304.822740285254,,,,,,
1,0.62551246304287,1,11.8893355270267,301.989122386477,304.754003928498,,,,,,
0.920627355575562,0.624796763311783,1,11.9024321294725,302.321776088601,304.749568245752,,,,,,
0.978514492511749,0.629461837611576,1,11.888793452996,301.975353706099,304.726835751812,,,,,,
1,0.638591200058497,1,11.9213953339815,302.80344148313,304.568413210768,,,,,,
0.450035035610199,0.627367425275031,0,11.9408032269269,303.296401963944,304.577573476479,,,,,,
1,0.630747064589177,1,11.894454723987,302.119149989269,304.538727648797,,,,,,
0.352496445178986,0.636950402636857,0,12.1638995435059,308.96304840505,304.507170621612,,,,,,
0.840912699699402,0.638538916293395,1,11.9266236497402,302.936240703402,304.460737970047,,,,,,
-0.153656244277954,0.625152048809127,0,12.2304596638739,310.653675462397,304.509690439741,,,,,,
0.939880847930908,0.63830957708304,1,11.8869384334236,301.92823620896,304.427381854755,,,,,,
0.46946907043457,0.639134758990577,0,12.3086426962495,312.639524484737,304.625724324089,,,,,,
0.025228828191757,0.650969146258916,0,12.1935904165477,309.71719658031,304.711348267178,,,,,,
0.241571828722954,0.63722694112324,0,11.9224642288774,302.830591413487,304.706793375078,,,,,,
0.960447311401367,0.654775222442527,1,11.9093993060827,302.498742374501,304.604508100145,,,,,,
0.989554405212402,0.658359269195613,1,11.8928613548666,302.078678413612,304.585234502102,,,,,,
0.893877387046814,0.65721358520638,1,11.8977282879382,302.202298513631,304.567402364104,,,,,,
0.459569454193115,0.660486914162672,0,12.0309987136871,305.587367327651,304.601811292618,,,,,,
0.734756350517273,0.668999935388504,0,11.9722423473835,304.094955623541,304.56960104683,,,,,,
0.976201415061951,0.668514249981605,1,11.9006369492412,302.276178510725,304.555817161177,,,,,,
0.760265588760376,0.685262875994797,0,12.054414669162,306.182132596716,304.548907884338,,,,,,
0.28083997964859,0.68472306835402,0,12.0285805003166,305.525944708042,304.599565777645,,,,,,
0.478171169757843,0.687009582811412,0,12.186494174692,309.536952037178,304.611612612713,,,,,,
0.112209722399712,0.669532801216902,0,12.2472627855033,311.080474751783,304.779120001305,,,,,,
0.880620419979095,0.667687998535621,1,11.8908033508629,302.026405111917,304.757311379858,,,,,,
1,0.676655540454084,1,11.885173759523,301.883413491885,304.732942798356,,,,,,
-0.238368690013885,0.657031437365315,0,12.252437128523,311.211903064484,304.895804063201,,,,,,
0.795121073722839,0.65741737135813,1,11.8741668407321,301.603837754595,304.870638725303,,,,,,
0.977477610111237,0.662642522527186,1,11.8771717143089,301.680161543445,304.816136330332,,,,,,
0.201410055160522,0.651971367950281,0,12.0704128929883,306.588487481903,304.86191393866,,,,,,
0.934541702270508,0.672571916762603,1,11.8858542853624,301.900698848204,304.68870943773,,,,,,
1,0.67756259907259,1,11.8872869095862,301.937087503489,304.616397408566,,,,,,
0.069046512246132,0.658563548302103,0,12.0619509061724,306.373553016779,304.685965797957,,,,,,
-0.201427102088928,0.634044627851309,0,12.0346618200153,305.680410228389,304.743030585827,,,,,,
0.19971776008606,0.619825761026205,0,12.0284561283529,305.522785660163,304.798237289124,,,,,,
0.156053692102432,0.620098724146218,0,12.3818414635122,314.498773173209,304.829293150454,,,,,,
0.700793147087097,0.626295741820761,0,12.1259226817101,307.998436115437,304.851088999471,,,,,,
0.257460296154022,0.621513287120875,0,12.0757714473128,306.724594761746,304.90333371525,,,,,,
0.776425123214722,0.621099567632225,1,11.9005336970449,302.273555904939,304.886635890747,,,,,,
0.355427145957947,0.619246803680245,0,12.0264544437289,305.471942870715,304.936476348485,,,,,,
1,0.629823633906793,1,11.8992195781827,302.240177285841,304.791511692003,,,,,,
0.465288996696472,0.625425899819452,0,12.1231630320996,307.92834101533,304.891952263005,,,,,,
0.060512334108353,0.606252682148194,0,12.3224163045734,312.989374136165,305.095517440105,,,,,,
0.661893963813782,0.599610958476456,0,11.9345283093601,303.137019057748,305.104627224304,,,,,,
0.642000198364258,0.598010863272511,1,11.9246407382429,302.885874751369,305.104572485315,,,,,,
0.839467465877533,0.594734689106747,0,12.0876595297337,307.026552055235,305.190614877564,,,,,,
0.282256066799164,0.580086853735301,0,12.0555117237479,306.209997783195,305.25648595235,,,,,,
0.754041075706482,0.57506728385176,1,11.9206561421216,302.784666009887,305.251819149428,,,,,,
1,0.597565958998641,1,11.903076282379,302.338137572427,305.061554330245,,,,,,
0.11858919262886,0.579577983338006,0,12.3705412146181,314.211746851299,305.313579934348,,,,,,
-0.107756704092026,0.556970703662658,0,12.2808127093822,311.932642818307,305.516508922752,,,,,,
1,0.558590553548871,1,11.9181663562059,302.721425447631,305.52466503212,,,,,,
0.217356905341148,0.543056725239267,0,12.0225367268711,305.372432862527,305.59399317817,,,,,,
0.263554930686951,0.528027234028797,0,12.0004231570542,304.810748189176,305.63495862115,,,,,,
0.278359025716782,0.524523641990156,0,11.9822824501544,304.349974233922,305.656460096048,,,,,,
0.037626057863236,0.504883357456752,0,12.2676222413033,311.597604929104,305.849897951963,,,,,,
-0.269546747207642,0.492188598428454,1,11.8925339984715,302.070363561176,305.709230914333,,,,,,
0.827552199363709,0.491915935156297,0,12.1769140135229,309.293615943481,305.838973266171,,,,,,
0.874376535415649,0.51289619596637,0,12.0842299141675,306.939439819855,305.763172538772,,,,,,
-0.005260764621198,0.493607591628572,0,12.2373846009493,310.829568864112,305.944832388878,,,,,,
0.683375954627991,0.497973038244764,0,11.9756754829109,304.182157265936,305.772233057882,,,,,,
1,0.517866327465341,1,11.8904091152042,302.016391526187,305.615073771063,,,,,,
0.88331663608551,0.530963160268658,1,11.8942552595168,302.114083591728,305.600451162455,,,,,,
0.170556336641312,0.514842936293963,0,12.3549865059078,313.816657250057,305.831429017059,,,,,,
0.306222796440125,0.500897393257794,0,12.0596488515228,306.315080828679,305.917886209203,,,,,,
0.793919920921326,0.498857444969519,1,11.9225545745492,302.83288619355,305.930755345528,,,,,,
0.739483237266541,0.504569971154691,1,11.9285162155658,302.984311875371,305.877631764869,,,,,,
0.156277179718018,0.492764273791441,0,12.1250731977314,307.976859222377,305.956854287294,,,,,,
0.083780750632286,0.474551607170427,0,12.3280271227866,313.131888918781,306.178399397663,,,,,,
-0.014344393275678,0.4587432401901,0,12.3308888512731,313.204576822336,306.321714585941,,,,,,
-0.174748003482819,0.449445526248642,0,11.986572109583,304.458931583409,306.299938807887,,,,,,
0.380836606025696,0.447459106580639,0,12.2663339354903,311.564881961452,306.341325132872,,,,,,
0.500257790088654,0.455378454900822,0,12.0092113269448,305.033967704399,306.217927029864,,,,,,
-0.083701491355896,0.435698415893985,0,12.2699712287694,311.657269210743,306.414475276779,,,,,,
0.696657299995422,0.429507748546953,1,11.9046461850911,302.378013101315,306.424569146359,,,,,,
0.524196267127991,0.445070298692706,1,11.9097430889636,302.507474459676,306.246927746261,,,,,,
0.936489343643188,0.447955365425774,1,11.8941132877469,302.110477508771,306.257267333081,,,,,,
0.962569832801819,0.447651125072521,0,12.0116870330155,305.096850638593,306.326995681962,,,,,,
0.764797210693359,0.459148822124211,1,11.9118409858614,302.56076104088,306.244797183165,,,,,,
0.146968364715576,0.443075896867988,0,12.0536613974571,306.162999495411,306.331782910659,,,,,,
0.157704874873161,0.425886200436828,0,12.0373487237602,305.74865758351,306.40957005515,,,,,,
0.302895128726959,0.430658621181335,0,11.9837150743783,304.386362889208,306.369015154587,,,,,,
0.35955947637558,0.442107326864284,0,11.9860652351648,304.446056973185,306.343824271828,,,,,,
0.991102993488312,0.458258045913309,1,11.8961501719832,302.162214368374,306.27524118424,,,,,,
1,0.475481439952035,1,11.9144774368286,302.627726895447,306.032974933674,,,,,,
0.983769655227661,0.481256470730414,1,11.9143823978752,302.62531290603,305.923319357971,,,,,,
0.622706532478333,0.488710475553359,1,11.9054663360596,302.398844935913,305.835038749281,,,,,,
0.850465893745422,0.490221511686639,1,11.8859751373649,301.903768489068,305.827492067324,,,,,,
0.289980411529541,0.488885864045243,0,12.2419746304035,310.946155612249,305.939210694703,,,,,,
1,0.488885864045243,1,11.9240916242898,302.87192725696,305.952103551256,,,,,,
0.981785416603088,0.499426607308643,1,11.9148024465829,302.635982143206,305.844096227335,,,,,,
0.449649235093594,0.507368176716505,1,11.9267421551019,302.939250739588,305.638991668221,,,,,,
0.380527019500732,0.501625994179504,0,12.034820218271,305.684433544084,305.690979718963,,,,,,
0.91528731584549,0.507203282291366,1,11.912451112476,302.57625825689,305.684661014994,,,,,,
0.896893620491028,0.508375244630417,1,11.9300638251901,303.023621159828,305.602968547741,,,,,,
0.902540922164917,0.521034119229718,0,12.0278659481853,305.507795083907,305.588637880408,,,,,,
0.435731768608093,0.514538010921588,0,12.144780287382,308.477419299503,305.704816518972,,,,,,
-0.124886319041252,0.491581147267685,0,12.2746938434303,311.777223623129,305.89745092817,,,,,,
0.565127909183502,0.500694182299412,0,12.1252843954057,307.982223643303,305.770317801476,,,,,,
0.177686169743538,0.506519547071567,0,12.3756521983355,314.341565837722,305.81947949575,,,,,,
0.454512566328049,0.495387150466016,1,11.9261296818465,302.923693918901,305.823607423735,,,,,,
0.319723874330521,0.497476272282126,0,11.9763700885952,304.199800250317,305.799676145935,,,,,,
0.585317969322205,0.504042864907335,0,12.2946179973572,312.283297132874,305.952177144786,,,,,,
0.415518909692764,0.506842046212968,0,12.2105472431511,310.147899976037,306.070502159931,,,,,,
0.711670994758606,0.520598065333281,1,11.9257506993532,302.914067763572,305.893287115736,,,,,,
0.801520943641663,0.542456589636328,0,12.0647891682506,306.445644873564,305.982578571091,,,,,,
0.876627266407013,0.543458121616804,1,11.9206807818502,302.785291858996,305.849755630591,,,,,,
0.333919048309326,0.532428376981981,0,12.0217083626598,305.351392411559,305.81734649981,,,,,,
0.467922002077103,0.542085168139089,0,12.0459796687156,305.967883585376,305.718128432897,,,,,,
0.488655358552933,0.538111278423272,0,11.9923941254705,304.606810786951,305.726794831285,,,,,,
0.541544675827026,0.528755047317701,1,11.9115793354094,302.554115119399,305.737768782167,,,,,,
0.214918598532677,0.515114271041112,0,12.2572876351088,311.335105931764,305.925952911555,,,,,,
0.824201583862305,0.52845396996399,0,11.9374369706631,303.210899054842,305.709508866755,,,,,,
0.016999036073685,0.522551444242226,0,11.9493884123862,303.514465674609,305.652353455447,,,,,,
1,0.52675716014179,1,11.8924178397506,302.067413129666,305.636731556184,,,,,,
0.488336086273193,0.521631708080702,0,12.0915138872892,307.124452737145,305.721224226833,,,,,,
0.239639937877655,0.52333298885947,0,12.0294663572282,305.548445473595,305.671664762572,,,,,,
1,0.542031340887382,1,11.9304568875283,303.033604943219,305.465577334499,,,,,,
0.451180418232084,0.551531847244684,1,11.9283918436021,302.981152827492,305.256936028482,,,,,,
0.991503953933716,0.575332907600123,1,11.9274332408249,302.956804316953,305.226280369983,,,,,,
0.24578469991684,0.572576746250963,0,12.0128181138933,305.125580092889,305.094866046135,,,,,,
0.708499014377594,0.576826567154819,1,11.9295428709269,303.010388921542,305.053568519954,,,,,,
-0.09222611784935,0.576652595185565,0,11.9353132607162,303.156956822191,304.880092756922,,,,,,
0.964412450790405,0.582116986018115,1,11.9281865125299,302.975937418258,304.892295294003,,,,,,
0.804187893867493,0.587831100849534,0,12.1245780565172,307.964282635538,305.003658726163,,,,,,
0.458579421043396,0.578077837123007,0,12.0468666989476,305.990414153268,305.082841106663,,,,,,
0.578066825866699,0.570230836981474,0,12.0985772761732,307.3038628148,305.127882171484,,,,,,
0.038717746734619,0.555412888737418,0,12.2361244548261,310.797561152583,305.295980132947,,,,,,
0.049973368644714,0.553433399021686,0,11.9132583569199,302.596762265765,305.223199781322,,,,,,
0.174047768115997,0.553766927455214,0,11.9431099748582,303.354993361397,305.174349491075,,,,,,
0.344888985157013,0.554623944933378,0,11.9765449133366,304.20424079875,305.170632713718,,,,,,
0.416878640651703,0.555793723796156,0,11.9305343266755,303.035571897559,305.141847304012,,,,,,
0.978454053401947,0.555535582161741,1,11.916761891672,302.685752048469,305.152531746463,,,,,,
0.677000522613525,0.548943756092629,0,12.1290589671731,308.078097766197,305.263763805049,,,,,,
0.128650784492493,0.531492350567421,0,12.3606149239272,313.959619067751,305.495076175697,,,,,,
0.575191140174866,0.530522648683677,0,12.2520088665724,311.201025210938,305.67471250784,,,,,,
0.92110139131546,0.531964189450412,1,11.8854013836831,301.88919514555,305.674415092666,,,,,,
0.536224484443665,0.536989578693558,0,11.9333432557434,303.106918695882,305.514430665802,,,,,,
0.885107159614563,0.534644826848957,1,11.8910051619738,302.031531114135,305.497279724111,,,,,,
0.097538456320763,0.516598970516665,0,11.9781547089428,304.245129607146,305.530119468273,,,,,,
0.947849154472351,0.526766315810109,0,12.1059222619563,307.490425453691,305.623000584888,,,,,,
-0.031593322753906,0.518355696580422,0,12.2135145704746,310.223270090055,305.715629902152,,,,,,
0.056248068809509,0.500824283375606,0,12.2170028520614,310.311872442359,305.873499579407,,,,,,
0.983088850975037,0.502583369712015,1,11.8836766026765,301.845385707983,305.849453957941,,,,,,
1,0.504572330484159,1,11.8869220069379,301.927818976222,305.776393221049,,,,,,
0.31401127576828,0.502088238793551,0,12.1288982222766,308.074014845825,305.768160477096,,,,,,
0.458423912525177,0.513992529233682,1,11.9017386971086,302.304162906559,305.57483270737,,,,,,
1,0.52286746986259,1,11.8842843826503,301.860823319316,305.449906170146,,,,,,
0.098806500434876,0.521257680693025,0,12.3800803095728,314.45403986315,305.45220155842,,,,,,
0.491627246141434,0.522015123138197,0,12.2240674142659,310.491312322353,305.606642750327,,,,,,
-0.086109727621079,0.513732804731021,0,12.2161252083927,310.289580293176,305.730923975692,,,,,,
0.570124685764313,0.513422737719636,0,11.907898629275,302.460625183584,305.530461282849,,,,,,
-0.207737445831299,0.500703220259961,0,12.2593198260635,311.386723582013,305.555743397257,,,,,,
0.362526178359985,0.493577815843663,1,11.8961830249548,302.163048833852,305.540416480324,,,,,,
1,0.497628408830567,1,11.8910286283821,302.032127160905,305.45034469027,,,,,,
0.911673486232758,0.498343637806603,1,11.8803619725108,301.761194101775,305.429444736041,,,,,,
0.987446963787079,0.511680942204108,1,11.8898952008635,302.003338101932,305.361117097069,,,,,,
0.149391531944275,0.505180320364663,0,12.0305035724729,305.574790740812,305.353094794118,,,,,,
0.183528393507004,0.498953239445358,0,11.9547739530802,303.651258408237,305.333593725165,,,,,,
0.852125287055969,0.505291619266357,1,11.9134284883797,302.601083604845,305.334552265684,,,,,,
0.076792776584625,0.502472724940886,0,11.9938161898106,304.64293122119,305.197977271591,,,,,,
0.567256987094879,0.497228957659918,1,11.8931276986003,302.085443544447,305.175008791787,,,,,,
0.258590489625931,0.502159395487515,0,12.0760413110077,306.731449299597,305.240661518828,,,,,,
0.119221493601799,0.484184323928368,0,11.969488564375,304.025009535126,305.280612465878,,,,,,
0.342848181724548,0.481215183019212,0,12.2800664775997,311.913688531033,305.378351971876,,,,,,
0.507650256156921,0.486684781351442,0,12.1180391418576,307.798194203184,305.424265211255,,,,,,
0.485715061426163,0.47618917036014,1,11.8957465497613,302.151962363937,305.406272505555,,,,,,
0.438231140375137,0.475924899383467,0,11.9278227832019,302.966698693329,305.405977523225,,,,,,
0.548852980136871,0.466891206040674,0,11.9467613479823,303.44773823875,305.415996582854,,,,,,
0.561882615089417,0.473342183901339,0,12.0829064087421,306.905822782049,305.452328066306,,,,,,
0.807735681533814,0.475367422006568,1,11.9129298272043,302.58841761099,305.443716406907,,,,,,
0.700872838497162,0.491553114993232,1,11.9194499687374,302.754029205929,305.43549339433,,,,,,
0.87136048078537,0.48965409519721,1,11.8905205806434,302.019222748343,305.415968605148,,,,,,
0.584834098815918,0.485177487134934,1,11.9002086872906,302.26530065718,305.299662850488,,,,,,
0.802831768989563,0.492203045256284,1,11.9189477876008,302.741273805059,305.23335386379,,,,,,
0.353151261806488,0.487612931704035,0,12.2703161849707,311.666031098257,305.32237770631,,,,,,
0.276517033576965,0.492465978374287,0,12.0262420727342,305.46654864745,305.213581532735,,,,,,
0.454346036705376,0.500718481804096,1,11.9254362494826,302.906080736859,305.219894154594,,,,,,
0.739036321640015,0.512248860447443,0,12.0375575747937,305.75396239976,305.268852706398,,,,,,
0.895018458366394,0.523475992553757,1,11.9253259573638,302.903279317042,305.242302472077,,,,,,
0.926082849502564,0.533867915183367,1,11.9183224078208,302.725389158649,305.235972212099,,,,,,
0.585342764854431,0.525845235825254,1,11.930649312076,303.03849252673,305.24317099737,,,,,,
0.80482429265976,0.528453884193545,1,11.9349589179516,303.14795651597,305.142555869814,,,,,,
0.782259702682495,0.541792841707626,0,11.9587010565013,303.751006835132,304.934216844659,,,,,,
0.426883041858673,0.538766145823622,0,12.0217189225435,305.351660632606,304.814842057346,,,,,,
1,0.540376321511062,1,11.9181593162835,302.7212466336,304.831822699959,,,,,,
1,0.549841127950987,1,11.9239437859178,302.868172162311,304.826950321723,,,,,,
-0.075993299484253,0.530226832867338,0,12.1393959200084,308.340656368214,304.95570797997,,,,,,
0.803622007369995,0.544636701256098,1,11.9086871005923,302.480652355043,304.919698240131,,,,,,
0.455197867324948,0.53458259335513,1,11.9230907819778,302.846505862235,304.824924370917,,,,,,
0.187347948551178,0.539050782565438,0,11.9488123120636,303.499832726415,304.687711363496,,,,,,
0.188838630914688,0.541756712404319,0,11.9585778578579,303.747877589592,304.553752284868,,,,,,
0.532991766929626,0.532571057627882,0,11.9609432718098,303.807959103969,304.593804803154,,,,,,
0.933366298675537,0.531211186172281,1,11.8932567638457,302.08872180168,304.597088534286,,,,,,
0.932605624198914,0.543835560630049,1,11.9242324227393,302.875503537577,304.49099646677,,,,,,
0.574636399745941,0.546207244042718,0,11.97752111592,304.229036344367,304.530279598154,,,,,,
0.317061603069305,0.53226972573801,0,11.9303724084586,303.031459174848,304.554170125818,,,,,,
0.337474524974823,0.537140501749029,0,12.2296371662647,310.632784023122,304.476185312756,,,,,,
-0.170675978064537,0.523624109418295,0,12.0741018123657,306.682186034087,304.398448041567,,,,,,
0.71765398979187,0.540027450589988,0,12.041823767814,305.862323702477,304.308095866247,,,,,,
0.202049821615219,0.532515718668578,0,12.0465276093483,305.981801277447,304.379956602856,,,,,,
0.651055693626404,0.550042109269755,1,11.9257577392757,302.914246577603,304.207048908889,,,,,,
0.918169379234314,0.561381766430456,1,11.8963942226291,302.168413254778,304.207158386867,,,,,,
1,0.561381766430456,1,11.9055848414212,302.4018549721,304.214703852401,,,,,,
0.025311693549156,0.543292750253239,1,11.9289221844286,302.994623484486,304.23987588062,,,,,,
0.335866034030914,0.529995180258216,0,12.1451052971363,308.485674547262,304.372168461137,,,,,,
0.77410101890564,0.542744353461509,1,11.9242242094964,302.875294921208,304.317076709716,,,,,,
0.451919610092045,0.548221725228551,1,11.9276725981891,302.962883994003,304.303028252283,,,,,,
0.485619276762009,0.540742010732755,0,11.9452160849988,303.408488558971,304.319505904408,,,,,,
0.852865934371948,0.556580238442701,1,11.9236187761635,302.859916914552,304.283117857334,,,,,,
0.011588604189456,0.545240067362998,0,12.0933712535024,307.17162983896,304.38691757763,,,,,,
0.52906733751297,0.550760003034162,0,11.9304181679547,303.032621466049,304.311431295313,,,,,,
0.830344021320343,0.56527270768148,1,11.9188492286861,302.738770408627,304.285181517221,,,,,,
0.452537949949504,0.567511274379948,1,11.9272443362385,302.952006140458,304.102290039862,,,,,,
0.52025181055069,0.567768448959413,0,11.923262086758,302.850857003654,304.001323974566,,,,,,
0.788901090621948,0.573955918943,0,11.9315551154345,303.061499932037,304.019885965751,,,,,,
0.44428364084661,0.574079439360785,1,11.9327049694389,303.090706223748,304.022416731678,,,,,,
0.690422475337982,0.576968612732237,1,11.9245515658915,302.883609773644,304.01090390586,,,,,,
1,0.585909783852861,1,11.9286499740928,302.987709341958,303.930942407082,,,,,,
0.816317439079285,0.586084921761952,1,11.9098381279171,302.509888449093,303.929339771125,,,,,,
1,0.592189557710989,1,11.9102722564697,302.520915314331,303.924582344766,,,,,,
0.155684262514114,0.577583920603413,0,12.0997658497512,307.334052583681,304.033048259773,,,,,,
0.454856431084872,0.574931315139514,1,11.9275834258378,302.960619016279,304.047238430367,,,,,,
0.154593169689178,0.561701955970118,0,12.1291399262816,308.080154127552,304.156195171642,,,,,,
0.953768730163574,0.573959455324345,1,11.9047447440058,302.380516497747,303.966694873673,,,,,,
0.82893317937851,0.585233254218254,0,12.0153853389561,305.190787609485,303.961067097388,,,,,,
0.97232711315155,0.595804296594706,1,11.9262822135001,302.927568222904,303.961505617511,,,,,,
0.450103310093285,0.589907704522324,1,11.9305824328125,303.036793793436,303.906053196974,,,,,,
0.760822534561157,0.587169012199768,0,12.0076249977469,304.993674942772,303.948714332193,,,,,,
0.30405056476593,0.574474475776572,0,11.9693254728377,304.020867010077,303.975152655691,,,,,,
0.449040281799435,0.571692792448918,1,11.9276233187318,302.961632295787,303.97358407955,,,,,,
0.45245699084103,0.564501623024046,1,11.9279154755145,302.969053078069,303.96993298898,,,,,,
0.779845714569092,0.564452357960507,0,12.171747883746,309.162396247149,304.080369507593,,,,,,
0.950633645057678,0.575141145780895,1,11.9195497009724,302.7565624047,304.027408319268,,,,,,
-0.182539790868759,0.551007680661125,0,12.1652535552621,308.997440303657,304.155493904371,,,,,,
0.45145028192699,0.539812788455553,1,11.9293023402423,303.004279442154,304.15827160396,,,,,,
0.45983874797821,0.55074813636295,0,12.0216133237064,305.348978422142,304.097216951999,,,,,,
0.863794565200806,0.551976147747253,0,11.978030336979,304.241970559267,304.133162221473,,,,,,
0.448525194138288,0.551839970743443,1,11.9296214833945,303.01238567822,304.13654752384,,,,,,
0.346038520336151,0.555078553841096,0,11.9807559602976,304.311201391559,304.153106068027,,,,,,
0.450528052082657,0.560419154273095,1,11.9269873790681,302.945479428331,304.136730595348,,,,,,
0.173293933272362,0.553078382157641,0,12.1142962497413,307.703124743429,304.216223771664,,,,,,
0.361058980226517,0.541398640964804,1,11.926975645864,302.945181404946,304.233702539077,,,,,,
0.447233368363976,0.531493084723274,1,11.9304768339753,303.034111582973,304.236939437963,,,,,,
0.654381632804871,0.533120538459171,0,12.1239139571637,307.947414511958,304.312824706689,,,,,,
0.246677905321121,0.53168413646431,0,12.1967313952923,309.796977440424,304.450896508028,,,,,,
0.449902672302724,0.533978588450594,1,11.9301189712495,303.025021869736,304.295636055918,,,,,,
0.23273840546608,0.542211535053259,0,12.0049463072449,304.92563620402,304.259788100202,,,,,,
1,0.547973698526895,1,11.9201891605973,302.772804679172,304.196736691563,,,,,,
0.697753310203552,0.558090096253187,0,12.0525995424837,306.136028379086,304.199884183433,,,,,,
0.447591231089831,0.553937760283053,1,11.9321875351369,303.077563392478,304.203217179655,,,,,,
0.24159574508667,0.540130135096366,0,12.0915690333486,307.125853447053,304.304389428477,,,,,,
0.818121314048767,0.536418325178994,1,11.9273440684736,302.954539339229,304.315668701276,,,,,,
0.431843817234039,0.544714899131747,0,12.0408194055408,305.836812900737,304.373672566914,,,,,,
0.455974605438113,0.547166094466588,1,11.9237079485148,302.862181892276,304.258907410689,,,,,,
0.43729504942894,0.540292503252778,0,12.1784510632634,309.332657006891,304.390690310397,,,,,,
0.452214113515614,0.540298513526728,1,11.9263314929575,302.92881992112,304.389995125236,,,,,,
0.453843855568767,0.539650035543192,1,11.9271598571688,302.949860372087,304.38063536632,,,,,,
0.737149715423584,0.53728848005445,0,11.9715805946708,304.078147104638,304.405497206934,,,,,,
0.449165827083586,0.546218627460453,1,11.9311573598146,303.051396939292,304.321410821227,,,,,,
0.85829085111618,0.552937474676845,0,12.274147076118,311.763335733397,304.499588663418,,,,,,
0.449585875791311,0.545166900278293,1,11.9310294678897,303.048148484398,304.505902501699,,,,,,
0.44984752624333,0.545111993672045,1,11.926438265115,302.931531933922,304.505484660749,,,,,,
0.272249281406403,0.540050717567059,0,12.1726114475697,309.184330768271,304.634739227374,,,,,,
0.449881552535295,0.533131951483658,1,11.9300497453451,303.023263531766,304.633958892674,,,,,,
0.68481183052063,0.538040690048434,0,12.0368934754401,305.73709427618,304.687966812112,,,,,,
0.456303135153652,0.533262744330387,1,11.9241467703491,302.873327966868,304.68775697932,,,,,,
0.697419703006744,0.527087636228484,0,11.9706724446714,304.055080094653,304.709540055906,,,,,,
0.969655394554138,0.530216982258583,1,11.9314577298403,303.059026337943,304.720746951597,,,,,,
-0.126837521791458,0.50722029814039,0,12.0198932359815,305.305288193929,304.777570887915,,,,,,
0.97698700428009,0.523981578584593,1,11.9305577930838,303.036167944328,304.6898589565,,,,,,
0.208322107791901,0.518950265864328,0,12.0272112353951,305.491165379035,304.741502759821,,,,,,
0.551794052124023,0.527056406322182,1,11.9290923158884,302.998944823565,304.63780461076,,,,,,
0.448041786128282,0.516735448280646,1,11.9301260111719,303.025200683767,304.650961430883,,,,,,
-0.169508755207062,0.496359082268695,0,12.1887211368352,309.593516875614,304.740813048559,,,,,,
0.452467550724744,0.485749703443659,1,11.9283284842998,302.979543501214,304.741873768525,,,,,,
0.407158434391022,0.484873277408919,0,12.1530733160585,308.688062227886,304.857205777391,,,,,,
0.507517516613007,0.479703787246711,0,11.953158290872,303.610220588148,304.828972015052,,,,,,
1,0.493906836945366,1,11.9315809284836,303.062155583484,304.809406475734,,,,,,
0.188060224056244,0.488580713317954,0,12.0487651313752,306.03863433693,304.872202435757,,,,,,
0.989873886108398,0.499548405058104,1,11.9386877302229,303.242668347663,304.877786420851,,,,,,
-0.10149160027504,0.481561929244959,0,12.2444292167068,311.008502104351,304.91546205059,,,,,,
0.784734725952148,0.478176237018315,1,11.8938927035093,302.104874669137,304.902162300884,,,,,,
0.329023897647858,0.488616312294165,0,11.9253024909556,302.902683270272,304.777779504284,,,,,,
1,0.499811204499736,1,11.8842022502214,301.858737155623,304.754401090274,,,,,,
0.016506917774677,0.490763616128235,0,11.9268266341716,302.941396507959,304.705266765494,,,,,,
0.495941311120987,0.4832564068613,0,11.9259196574926,302.918359300313,304.678254290822,,,,,,
0.894803643226624,0.492364130312083,1,11.884878082779,301.875903302588,304.655060772952,,,,,,
0.03263384103775,0.48596811644885,0,12.0715216807783,306.616650691768,304.70211075867,,,,,,
0.368470519781113,0.484293472932492,0,12.1288137432069,308.071869077454,304.806730955591,,,,,,
-0.149639368057251,0.477702997395153,0,12.169364869988,309.101867697694,304.835276730168,,,,,,
0.14716899394989,0.473337895634405,0,12.1518284231007,308.656441946758,304.951833067756,,,,,,
0.419058263301849,0.47276289349028,0,12.3733724367738,314.283659894054,305.18141568635,,,,,,
0.456550180912018,0.468725516921039,0,12.1275735435307,308.04036800568,305.183312696426,,,,,,
0.160023093223572,0.466957051368027,0,12.2573498210907,311.336685455704,305.214735308982,,,,,,
0.545363306999207,0.468905227586323,0,12.0293126522541,305.544541367254,305.266154074238,,,,,,
0.191633284091949,0.468066347558279,0,12.1998324811429,309.875745021029,305.367176703156,,,,,,
1,0.468066347558279,1,11.9043669348329,302.370920144756,305.358974977964,,,,,,
0.492790579795837,0.463883434692816,0,12.0440601165205,305.919126959621,305.354548418383,,,,,,
1,0.475157083037921,1,11.9018642423928,302.307351756777,305.338829813573,,,,,,
0.520791530609131,0.480854956211849,1,11.9012646756619,302.292122761813,305.240182248568,,,,,,
0.967969417572022,0.483913080773548,1,11.9176090290099,302.707269336852,305.235135921989,,,,,,
0.57477605342865,0.486830065185683,0,12.1877355476886,309.568482911291,305.311292452817,,,,,,
0.274261921644211,0.48312164306744,0,12.0895638287634,307.074921250589,305.397266725435,,,,,,
0.078184336423874,0.475792853006112,0,12.0409695905536,305.840627600062,305.326000819173,,,,,,
0.521251022815704,0.477201769522441,0,12.0348237382323,305.684522951099,305.38223965652,,,,,,
0.225239247083664,0.472536369349275,0,11.9724981312335,304.10145253333,305.405741537362,,,,,,
0.921467244625092,0.476297951577877,1,11.9152682547867,302.647813671583,305.376551059136,,,,,,
0.175834625959396,0.470719763799833,0,12.1595793777466,308.853316194763,305.494957574554,,,,,,
0.02959917485714,0.453807688774138,0,12.3183812556744,312.886883894129,305.517887128854,,,,,,
0.55018562078476,0.455860744794413,1,11.9188785616964,302.739515467089,305.511588495848,,,,,,
0.027893662452698,0.447249441451747,0,12.3283392260164,313.139816340817,305.719920830683,,,,,,
0.038450837135315,0.442478044629888,0,12.3700976995021,314.200481567354,305.822291255154,,,,,,
0.566515386104584,0.444858326947628,0,12.0393011289269,305.798248674743,305.87892360501,,,,,,
0.000843704678118,0.430899793767169,0,12.3661084100992,314.099153616518,306.049577877262,,,,,,
0.991886258125305,0.441830061582917,1,11.9215525589168,302.807434996487,306.048233122765,,,,,,
0.939556419849396,0.446771627232767,1,11.931763966468,303.066804748287,306.028064238145,,,,,,
0.451248470816015,0.436191894095254,1,11.9278415563285,302.967175530745,306.026189731876,,,,,,
0.918228507041931,0.457519772234711,1,11.9266529827505,302.936985761864,305.97785702918,,,,,,
0.679132342338562,0.451441105664476,0,12.1764939648151,309.282946706305,306.105342310037,,,,,,
0.419433176517487,0.455749494822141,0,12.3170800433368,312.853833100753,306.25560083497,,,,,,
0.798557579517365,0.460785485177107,1,11.9297106557459,303.014650655945,306.255921362162,,,,,,
0.473817348480225,0.46131151706184,0,12.0473993864149,306.003944414938,306.316712050553,,,,,,
0.276796936988831,0.47041979649441,0,12.1678383801311,309.063094855331,306.305887111363,,,,,,
0.024348944425583,0.461682682080141,0,12.3691660830945,314.1768185106,306.534402927881,,,,,,
0.806589782238007,0.469834342240284,1,11.9262634403735,302.927091385488,306.416832094363,,,,,,
0.495283663272858,0.469584671763954,0,12.3196507883608,312.919130024365,306.606809837959,,,,,,
1,0.469584671763954,1,11.9020308538914,302.311583688841,306.591492044191,,,,,,
0.116054683923721,0.468115170944923,0,12.3229489920408,313.002904397835,306.733620004618,,,,,,
-0.010278574191034,0.447703896244935,0,12.3604483124286,313.955387135686,306.952246918659,,,,,,
0.95346736907959,0.469233671129723,1,11.9239085863054,302.867278092157,306.786099489839,,,,,,
0.838004469871521,0.470320808760731,1,11.9353027008325,303.156688601145,306.807565080288,,,,,,
0.486737281084061,0.47353944923902,0,12.1595300982893,308.852064496547,306.928981023681,,,,,,
1,0.47353944923902,1,11.930072038433,303.023829776197,306.952758424101,,,,,,
1,0.493610736631374,1,11.9138555770099,302.611931656052,306.946034651613,,,,,,
0.447051435709,0.492612984071946,0,12.124836187008,307.970839150004,307.04914648528,,,,,,
0.064866006374359,0.475675481279042,0,12.3354389878333,313.320150290965,307.282702546268,,,,,,
0.004043699242175,0.4750920089975,0,12.018959272933,305.281565532498,307.255455910364,,,,,,
0.988613247871399,0.487747983040159,0,12.0742484774172,306.685911326398,307.227171058302,,,,,,
0.557497382164001,0.502179345289572,0,11.977447196734,304.227158797042,307.127687203187,,,,,,
0.249740302562714,0.504272637302079,0,12.2008826029122,309.90241811397,307.153115288232,,,,,,
0.636719405651093,0.508714701431655,0,12.0309517808706,305.586175234112,306.975615601294,,,,,,
0.480262041091919,0.509198616945531,0,12.1258816154957,307.99739303359,306.974738561047,,,,,,
-0.01383629348129,0.505650466196452,0,12.3716523490489,314.239969665841,307.033989259213,,,,,,
0.683532953262329,0.508470254895699,0,12.1278199408174,308.046626496761,307.08505222104,,,,,,
0.942107200622559,0.52378604911061,1,11.9296977492213,303.014322830222,306.945023196738,,,,,,
0.417523175477982,0.511898766977507,0,12.0284397018671,305.522368427424,307.009338467813,,,,,,
0.117433458566666,0.504238417564667,0,12.2723542425275,311.717797760198,307.127678688233,,,,,,
0.51003098487854,0.494239049909127,0,12.0861928792179,306.989299132134,307.223228634669,,,,,,
-0.08246137201786,0.481927766182046,0,12.3808065949082,314.472487510669,307.471807507094,,,,,,
0.204894736409187,0.466354813505253,0,12.2768609662324,311.832268542303,307.658031980675,,,,,,
0.036549426615238,0.45537059663151,0,12.3792237856716,314.432284156058,307.757293230568,,,,,,
1,0.470181577822445,1,11.9206103826255,302.783503718687,307.669713280937,,,,,,
0.711325585842133,0.483102827810572,1,11.9036911022753,302.353753997791,307.598552595177,,,,,,
0.886031806468964,0.490547333599414,0,12.1835209807664,309.461432911467,307.675632390286,,,,,,
-0.110025107860565,0.483705203906675,0,12.2137844341695,310.230124627906,307.800707330992,,,,,,
0.292777478694916,0.470874800520345,0,12.0036075486541,304.891631735814,307.846499536384,,,,,,
0.309419065713882,0.473601013576559,0,12.0580202827901,306.273715182868,307.793854617774,,,,,,
0.370497941970825,0.480558131272756,0,11.937169453609,303.204104121668,307.596246867316,,,,,,
0.201915174722671,0.47345057114904,0,12.0306385043204,305.578218009738,307.654179572268,,,,,,
0.414724975824356,0.481345087748462,0,12.1181165810049,307.800161157523,307.545207017507,,,,,,
0.286874353885651,0.486414955437244,0,12.0308872482479,305.584536105496,307.369371395836,,,,,,
0.51970648765564,0.485459671795429,0,12.185621224305,309.514779097348,307.445218955481,,,,,,
1,0.505850616597916,1,11.8948853325784,302.130087447492,307.200952298971,,,,,,
0.074981465935707,0.48713827390017,1,11.8965784339339,302.17309222192,307.188006528061,,,,,,
0.156393706798553,0.471155361388928,0,12.0766267978936,306.746320666499,307.263098689657,,,,,,
1,0.482354372188601,1,11.9015685656488,302.299841567479,307.249479629182,,,,,,
0.905695974826813,0.482098606225027,1,11.8964986481458,302.171065662903,307.233848606755,,,,,,
1,0.488646925769138,1,11.903332066229,302.344634482216,307.0922503981,,,,,,
0.890378177165985,0.498258048231352,0,11.97715151999,304.219648607745,306.916042551304,,,,,,
0.507722795009613,0.492322644465888,1,11.9180830504566,302.719309481599,306.910015180399,,,,,,
0.858675599098206,0.5001768944785,1,11.8804441049397,301.763280265468,306.823471014083,,,,,,
0.926058411598206,0.513427128654201,1,11.9030446027279,302.337332909288,306.686210566205,,,,,,
0.611227631568909,0.525404244718351,1,11.9251323594958,302.898361931192,306.456037982951,,,,,,
0.561481714248657,0.52040203924918,1,11.9272103099465,302.951141872642,306.45652880922,,,,,,
-0.11003153771162,0.508048667800518,0,12.1316848582566,308.144795399717,306.359093408717,,,,,,
0.185201972723007,0.4914201366316,1,11.9289679439247,302.995785775686,306.373056716612,,,,,,
0.469453990459442,0.498632367377226,0,12.1332488943666,308.184521916912,306.274722380266,,,,,,
0.802691221237183,0.515223587692088,0,11.9330006461829,303.098216413046,306.053147467559,,,,,,
0.890751242637634,0.513943666744293,1,11.9206866484523,302.785440870688,306.051477320182,,,,,,
1,0.517249697971405,1,11.9239954120159,302.869483465204,306.045615990877,,,,,,
0.95385754108429,0.526782764502022,1,11.9151474027842,302.644744030719,305.91893598137,,,,,,
0.869700968265533,0.524123600589074,1,11.9184315266192,302.728160776128,305.912901920145,,,,,,
0.608724415302277,0.516138384574834,1,11.9229476368874,302.842869976941,305.917614947102,,,,,,
1,0.527423049152201,1,11.8957664962083,302.152469003691,305.798872699218,,,,,,
0.5926313996315,0.538193771463572,1,11.9130365993619,302.591129623792,305.579913093765,,,,,,
0.534503698348999,0.549019485731058,0,12.0300987769306,305.564508934036,305.585687448899,,,,,,
0.184682309627533,0.532612731889346,0,11.9758327078462,304.186150779293,305.534671927529,,,,,,
0.718970417976379,0.53590809996715,0,12.0618676004231,306.371437050747,305.578432708217,,,,,,
