header0,header1,header2,header3,header4,header5,header6,header7,header8,header9,header10,header11,header12,header13,header14,header15,header16,header17,header18,header19,header20,header21,header22,header23,header24,header25,header26,header27,header28,header29
0.05402418283308785,0.026899847041293334,0.04157709199277737,0.05509397388694626,0.04402412142279655,0.06392981254894581,0.05136334076323612,0.038807149222453985,0.05941927230266986,0.049508933249399645,0.050829911336321754,0.04857570258987631,0.03764367323638651,0.04019822416236507,0.01821293106113564,0.04838587304331421,0.04811142634288479,0.04403540461844879,0.028525420309394756,0.02304654033673792,0.046540683546022255,0.025936774509597527,0.03439104271466853,0.031645967944037956,0.05047948498632926,0.06620970691795747,0.047931083947063025,0.025439253716575738,0.03863779772210729,0.04812812629007279
-0.1032790184535316,-0.11012775208862369,-0.11328787307275212,-0.11307435747178307,-0.11000904546362844,-0.10591817489879629,-0.10671139161497023,-0.10243028004732946,-0.10720154460482856,-0.1093968180062822,-0.11194730056198066,-0.11551614431429602,-0.11051606292476912,-0.10677559391902358,-0.10694817900756415,-0.11057757095482823,-0.10915154505387425,-0.10226658325643423,-0.11074503692277982,-0.11195222603162625,-0.10255413806807079,-0.11288262339213584,-0.11139977497199083,-0.10169151853772773,-0.10981910476010859,-0.11116451433466024,-0.10685688241065672,-0.10658531643125446,-0.11138431517168135,-0.10569846808071148
0.8524365160082066,0.8546170877262882,0.8511668294908017,0.8523100312789085,0.8489395966165929,0.8496945808124143,0.8492543800578858,0.8554311859940253,0.8502140319132436,0.8533136480463088,0.8526938382428377,0.8527638281436802,0.8519772321359806,0.8542070011418648,0.8500050848116003,0.8536789496009287,0.8519524012679742,0.8524673072949129,0.8531304073382895,0.8496662633235443,0.854460060638228,0.8498081669186062,0.8545434812405652,0.8515991272923606,0.8510822632495456,0.8495384683614,0.8506401818871756,0.8498131145142791,0.8543583790730078,0.85137415183853
0.16446040019792818,0.16447782518669962,0.16610008025117562,0.1655407966334883,0.16578219547207484,0.1652969980049459,0.16267698509839623,0.16271087869483591,0.16420695331402269,0.16313291180505618,0.164354933160626,0.1638463033745492,0.16379876514585612,0.1634138168421233,0.16364143947241128,0.16213723659575519,0.1631017204270937,0.16445609157340813,0.16384953582484996,0.1628509286299482,0.1606125137475365,0.16292649255623637,0.16228820145114153,0.16374129390767256,0.1636661227456977,0.1645761615878889,0.16351377732374917,0.16162431193190963,0.1635100499904134,0.16419264687390078
0.07518069687656692,0.06895611246276934,0.07536177121562493,0.07470487583451102,0.07667941236107789,0.07701048467858485,0.07456754261976828,0.07797070124184091,0.07621639580365902,0.07697972148557963,0.07743561426916679,0.07717880570309665,0.07738222990857535,0.07591946573267916,0.07430737992067549,0.07570241848724102,0.07793573794794173,0.07752263299651618,0.07323760570013027,0.07429754994679372,0.07649396131785657,0.07823060493388123,0.07706272120099422,0.07696706901598604,0.07645952584012528,0.07468951085167452,0.07367128750754404,0.076462140831149,0.07693950993460019,0.07567944112265645
0,0,0,0,0,0,0,0,0,0,0,0,0,0,0,0,0,0,0,0,0,0,0,0,0,0,0,0,0,0
0,0,0,0,0,0,0,0,0,0.3349328935146332,0.31800687313079834,0.31009823083877563,0.32058393955230713,0.3572827875614166,0.34825390577316284,0.38141465187072754,0.38050782680511475,0.36621588468551636,0.3321257531642914,0.32826143503189087,0.38174474239349365,0.34721702337265015,0.35075968503952026,0.37856200337409973,0.3746345043182373,0.3635045289993286,0.3628763258457184,0.3002270460128784,0.30935314297676086,0.3699955344200134
0.052025804025260136,0.05502505969137572,0.05814266959000114,0.06298673225920814,0.04459925234166118,0.06258225081700175,0.06635238142800404,0.06950294944914681,0.07301352227224345,0.0717726909861287,0.07013125855969404,0.055691509716597754,0.05409871188340287,0.07322431226251624,0.017020883243759055,-0.1642932055800863,0.03935997947744796,-0.027017230431809813,-0.024182897134800707,-0.06697399693262762,-0.1704449564725925,0.05923731782708308,0.058582021199881984,-0.09481868896636014,0.08431338516669906,0.05965400791183151,0.09475525505843674,0.10521081195707405,0.09520023540561717,0.07295485919378564
-0.1373022483576155,-0.14777730955412005,-0.14821065125092892,-0.13569099147037755,-0.13931545794799605,-0.13442798282793245,-0.13795822514139322,-0.1302853418584653,-0.14234460494084944,-0.13507852037067603,-0.1419405150609916,-0.14148110696492278,-0.14309900306249146,-0.14768278263495505,-0.12346516752771175,-0.07494120869621834,-0.09534580726061936,-0.048244798367269914,-0.11696359811311008,-0.0699868878665616,-0.06523060178854889,-0.07062158023660214,-0.11407366369622962,-0.09475626643226487,-0.11506551155282241,-0.12476372971155547,-0.15491333839632326,-0.15215265195144023,-0.14492897360509582,-0.1558756909690181
0.8542718898531965,0.8574550451451157,0.8580615800816891,0.8540675134923184,0.854155902060864,0.8537382767486463,0.8558943814164865,0.8587845838607917,0.85576719838523,0.8613439748171747,0.8531466642478855,0.8583770676305431,0.8556022218993791,0.855176596263032,0.8407070663080227,0.8347835394626195,0.8452904482128609,0.8097780780405581,0.8317863003448578,0.854622565363296,0.7939314603639538,0.8214923582103333,0.8479175848481857,0.8123967837186321,0.8432498713706607,0.8428995421596654,0.8542245373210928,0.85896432511451,0.8590870521420426,0.8572646645643882
0.18536392771477583,0.1855378683005955,0.18563071606598025,0.18395550569375496,0.18312883402285207,0.18434246580994507,0.18508998270682286,0.18420626533332252,0.1855200286999954,0.18600645674681426,0.1858744128212788,0.1843253758982284,0.18492675182192375,0.18516033808735788,0.170890259349189,0.11921134528313004,0.1362775517096213,0.1113119358686887,0.1463742692934158,0.11818685491996384,0.10955590233327772,0.1210212778652926,0.14837845524978532,0.13770955468633495,0.14723846861256984,0.1587857885271471,0.17735425315598685,0.17928208401145396,0.18001263987240557,0.18099863233672742
0.07922490513895775,0.07948996870337544,0.07985282229933821,0.08223304440484691,0.0805156063528214,0.08291687369509626,0.08086968502575997,0.07881363662063468,0.08004304119472105,0.0775449085998503,0.07783111371876261,0.07981323646055327,0.07878527941873537,0.07831019502662873,0.06014708889231035,-0.0974390818070735,0.025678337310689248,0.003970315286444093,0.0015763684238059295,-0.03927234588578643,-0.10353862047348039,0.021691482787497662,0.041852272770770416,-0.03246520859108881,0.05746060859925484,0.050503423318973395,0.0732432589983869,0.07304225623472349,0.07222116367326503,0.07429182986159999
0,0,0,0,0,0,0,0,0,0,0,0,0,0,0,0,0,0,0,0,0,0,0,0,0,0,0,0,0,0
0,0,0,0,0,0,0,0,0,0.3794924020767212,0.37430116534233093,0.3365209400653839,0.3631225824356079,0.40604060888290405,0.4893724322319031,0.36523717641830444,0.4160415530204773,0.4863639175891876,0.32231569290161133,0.29587286710739136,0.27294686436653137,0.28756654262542725,0.03290960192680359,0.17053347826004028,0.025683939456939697,-0.033409878611564636,-0.15242800116539001,-0.06952935457229614,0.10763319581747055,0.20212015509605408
0.10793359424006277,0.0878994027777289,0.09820831901403149,0.09416245939739332,0.07227438710662382,0.08593724687758564,0.09670243210754026,0.07821254219969709,0.10667771460496422,0.10607885490761038,0.09955222665308416,0.10815150708826726,0.0846089258559084,0.09016370848530775,0.0937143421037887,0.08335718884336818,0.10372563271255486,0.08194841373095385,0.07473884416818843,0.0927072950885548,0.10343230233051326,0.11000625187153901,0.07467892195050552,0.1177271137219229,0.32165988083288366,0.34998999011570264,0.26352028814512707,0.28867001887684096,0.27254599433908466,0.2931070074728115
-0.15155114826589788,-0.1515153130185074,-0.1525707331119538,-0.15571687895300512,-0.15996636086656835,-0.1639452310227688,-0.15795100462741563,-0.15644844169927863,-0.14789082268533793,-0.15248894084721443,-0.154247440159052,-0.1564306510713107,-0.15538162286226198,-0.15243847092092533,-0.15698308388846605,-0.16008460581648853,-0.16038603613919522,-0.15747927654252802,-0.1527706594684647,-0.15501513143566636,-0.15194329423268205,-0.1537590524799669,-0.16143507697765325,-0.13636940159332633,-0.07163523347006773,-0.031390043310454474,-0.10509611261167207,-0.03415775872327331,-0.0013790529177865052,-0.01757563612931612
0.8584466479817685,0.861295391089903,0.8620810363028562,0.8545410257762107,0.8578744424902203,0.8742469673014837,0.8554959154077693,0.8550826094639083,0.8508710419813141,0.8573652432688139,0.8583635964935352,0.8558844564841588,0.8530494723486994,0.8590191359617185,0.8585372533738447,0.8574314344721883,0.8568862515145657,0.8594952824614148,0.8578484932798125,0.85734700736169,0.8558416262109461,0.8537853958344126,0.8572716241578568,0.8460109491661141,0.7653368996176577,0.7839986568614055,0.8009804087792198,0.7921638063273255,0.7624620792702996,0.7817113357962713
0.183944694733285,0.18314672541924604,0.18519527815521553,0.18560992140487587,0.18480291323385423,0.18415104438917806,0.1863816691596465,0.18491138491815517,0.18461503957948833,0.1853032328634887,0.1857201222340672,0.18447833255963997,0.18399906264243593,0.18521158253830494,0.184947746792828,0.1844979143154486,0.18496966353248068,0.18422336788714033,0.18260936948031126,0.18246080003415877,0.1836166056918398,0.18413030545151043,0.18291739917374805,0.17342329754423003,0.12217850292823074,0.09064211686516765,0.1317042118976668,0.08772247977436609,0.06198203420618964,0.05418613389894755
0.07691151790107886,0.07295210117951179,0.07374338217875187,0.07388518845692049,0.07454186453764344,0.07316758574352877,0.07395591283295921,0.07071233910528418,0.07366512184382867,0.07471521285747817,0.07179754243741665,0.07201724953077693,0.07483279076201499,0.07359239253058081,0.07307167172714513,0.07441066674974395,0.07428192346485463,0.07466219333299162,0.07271849110592044,0.07301536668407604,0.07412645344324464,0.07468282949976768,0.07113904516663005,0.08802857906744022,0.24467794900279727,0.2807292958102301,0.23647730525381006,0.252757804754709,0.24842527965185845,0.31246051529690666
0,0,0,0,0,0,0,0,0,0,0,0,0,0,0,0,0,0,0,0,0,0,0,0,0,0,0,0,0,0
0,0,0,0,0,0,0,0,0,0.42325469851493835,0.3983510136604309,0.40163686871528625,0.33640214800834656,0.35382789373397827,0.3618520498275757,0.36092236638069153,0.41762804985046387,0.38873186707496643,0.40393245220184326,0.4417210817337036,0.4360318183898926,0.42363035678863525,0.3202596604824066,0.4459826946258545,0.1617717742919922,-0.11560729146003723,0.002525866962969303,0.10862761735916138,0.22045615315437317,0.18978053331375122
0.014886680413196629,0.03805150216290709,0.0023677867838394207,0.0009267700761192987,0.008599114185198875,0.031287584760783194,0.0028587584176456016,0.035626513120143644,0.013801574942244432,-0.0187688219510852,-0.029707438619524518,0.024393056192756557,0.03355089296845648,0.05064609404328824,0.05623326680281515,0.0480591570752964,0.034315753275081295,0.06480638262469873,0.10841978005465047,0.11642980786124135,0.0801868043691849,0.058979472618420736,0.02447830700435083,0.011596361565131774,0.13273901852899161,0.023146287601876425,0.17076103857379032,0.09985976732066493,0.13859071817943702,0.13085575505989744
-0.15436628711081768,-0.15595024517893352,-0.15520236242924723,-0.1496080518939623,-0.15615767901766775,-0.15286602975152053,-0.15769848379730977,-0.15494990193965275,-0.1533452667218993,-0.19053261867715632,-0.2514627438037311,-0.1966049734052705,-0.19431659740137275,-0.18206448183498025,-0.14839747810341075,-0.18427153005574903,-0.33034376690937584,-0.3275273524941119,-0.36492472872028725,-0.3888928105543693,-0.3888807985828119,-0.3278205119569635,-0.3410924382955125,-0.33718311408678703,-0.328084438546978,-0.3469605446025834,-0.3361869287297171,-0.3749069914164921,-0.37300200498889735,-0.41079790924338055
0.8681731034593034,0.8651687260984766,0.8637566022779786,0.8633715042295065,0.8634866678299709,0.8606063254378375,0.866121940049781,0.8618125353294346,0.85817555108915,0.8457854783008589,0.8301686679691163,0.8347679437806073,0.8413815119248758,0.8522739933570673,0.8532269314913206,0.8451039307004942,0.7944647120952033,0.7958647838920521,0.7650152472317795,0.7596844312664137,0.7601556913838965,0.7595942598685972,0.7422270843811529,0.7702338981395129,0.7665058750221558,0.7602241689761802,0.7696240336389051,0.7385214460378939,0.7462521848703085,0.7462820399272014
0.18017010301336,0.1810868618074788,0.18223678894125417,0.18090446476051025,0.1802211319348903,0.18084407712455963,0.1799592708119997,0.18172546356459796,0.18138356689370916,0.20017213210253781,0.24549723993519446,0.21874268476465963,0.2157147114932454,0.21021742898239926,0.19224291384051795,0.21382307607857332,0.3151625532093527,0.32538070959126064,0.34932819392326375,0.3683677268140071,0.38025865069684883,0.34076968671421604,0.34788701597218497,0.3467546136138646,0.3430171469587693,0.35318433824334816,0.3511295681710336,0.37293029702848335,0.37671250739418105,0.4184914601412406
0.0861733064002328,0.08618674021053696,0.08526966684575754,0.08341000684164057,0.08302890263519846,0.08569627887375408,0.08398172528641434,0.08664974314474949,0.08545762356208053,0.06598870504634391,0.03699233953165737,0.0659132537500633,0.0738421138728842,0.08028976316807146,0.0827211760072506,0.07807460825905999,0.05829991505499055,0.0842149648752546,0.09712628502054454,0.10763962550191875,0.06814650260268351,0.061206432056539084,0.028351399078013317,0.04278764077224362,0.1024594179974967,0.043760494520520554,0.11623382971954643,0.08352967142262324,0.11596134433212946,0.12745627070461518
0,0,0,0,0,0,0,0,0,0,0,0,0,0,0,0,0,0,0,0,0,0,0,0,0,0,0,0,0,0
0,0,0,0,0,0,0,0,0,0.3162897527217865,0.1642669290304184,0.2905133366584778,0.44671303033828735,0.32906585931777954,0.29167693853378296,0.4033769369125366,0.1543603539466858,0.13401171565055847,0.1306927651166916,0.1636216640472412,0.40072333812713623,0.5239704847335815,0.6255614757537842,0.6235688328742981,0.40397295355796814,0.5715808272361755,0.039479710161685944,0.4198986887931824,0.2523183226585388,0.035120509564876556
0.061285703301535266,0.0456063334245147,0.04665090319746379,0.06677023441095176,0.05267963489312244,0.06619575690903345,0.03089677465437135,0.07420839497664722,0.06292615594322659,0.07025291266701927,0.04169183173600355,0.0599114782063388,0.058484776712426134,0.17845614530366372,0.008411687768532072,0.17254281324102538,0.2144664042685933,0.270539504201339,0.4251222498818592,0.3642200076198092,0.34363466202937154,0.07966667902912472,0.38878898627540437,0.4463197006601991,0.5066398608462559,0.4397129153845796,0.49326289654000743,0.6014449118630887,0.6351484168662647,0.5923446602663585
-0.13925031896274942,-0.14701206697965152,-0.15169307476161287,-0.1417928646363067,-0.14316579650036265,-0.14098521390851593,-0.14024665025966065,-0.13969849670737267,-0.1442468437702772,-0.13960642620832575,-0.14050914200844655,-0.14494451339166436,-0.13595154986708247,-0.12729788770322126,-0.15313163324644297,-0.12876539735489656,-0.11894390914459041,-0.08275538349622469,-0.09754111293723011,-0.10270901953124123,-0.1530376914899111,-0.14176350476774235,-0.11288069109250565,-0.06696882388204473,-0.07319592535962949,-0.12220121553855168,-0.1131463773802227,-0.09930573891586902,-0.1095548975165529,-0.11657362440473384
0.8571535147742475,0.8521515558457711,0.8570491214833358,0.8666559031201317,0.8618311939251713,0.8555487027987558,0.85444113192919,0.8573013704360899,0.8595292306718672,0.8527544943642942,0.8548612636321009,0.8555812471737512,0.8427989866776502,0.8236289405717296,0.8536139908149549,0.8356967424228305,0.8007807970866054,0.7994448484763625,0.7968544464351943,0.7833643477181451,0.7905781377663166,0.811520244463114,0.767053676204712,0.7691204283702646,0.7547546117376902,0.7343765211697417,0.7561468938417473,0.7401591458356103,0.7384702752526082,0.7233487150106475
0.18316779286744023,0.18241220720307827,0.18119670865783255,0.1824937865104439,0.1818838741880895,0.17969007727033004,0.17950970541435352,0.1801608840984874,0.18096852462005386,0.1816911404435595,0.1801154670425651,0.1792374429105288,0.16941409002541397,0.16074075325973958,0.17488906892375855,0.15991678871686799,0.15033931537472456,0.12585276987762906,0.12434695077582258,0.12179039679941694,0.15150081567721596,0.14709740338170696,0.12164055328614598,0.09731495474946628,0.09527987787983427,0.12509610157224493,0.11802969027988763,0.11759913418406298,0.11872027598951318,0.1235408923580068
0.07892845391536518,0.07979789830878725,0.07813326363745388,0.08062283128527148,0.07897570559036837,0.07806049843868745,0.07576566339085922,0.07977987573644896,0.07749183341958266,0.0772747011121746,0.07723729610778762,0.07821529128727267,0.08774991871265514,0.15711932004013218,0.08043724376078432,0.15182744477670584,0.19908618989149063,0.24442561266946994,0.3444460488077077,0.36741541756708296,0.34538309146671087,0.17378139158830685,0.37976964793276013,0.4219581307972391,0.4717974912673255,0.4347094729687946,0.4987267073744901,0.5651554698887007,0.6217136414306232,0.6128361914864027
0,0,0,0,0,0,0,0,0,0,0,0,0,0,0,0,0,0,0,0,0,0,0,0,0,0,0,0,0,0
0,0,0,0,0,0,0,0,0,0.4370000958442688,0.38209831714630127,0.3854987919330597,0.5014244914054871,0.20556269586086273,0.1914844959974289,0.2696160078048706,0.16558441519737244,-0.05224695801734924,-0.17494893074035645,0.010233343578875065,-0.09299701452255249,0.09346874058246613,-0.03310126066207886,-0.13071438670158386,-0.2529456913471222,0.05952662229537964,-0.037716567516326904,-0.08417272567749023,0.07482010126113892,0.20205119252204895
-0.032685624484870224,-0.012583848315825374,-0.014853269617181808,-0.008977008575621004,-0.03558347072668078,-0.08927415932779259,-0.19746231227324307,-0.1334219680134593,-0.1287617574714267,-0.13264420152977874,-0.02076467754065825,0.005525626197735889,0.022040131067345037,-0.14210276817452439,-0.20319456812353087,-0.2080438130738812,-0.2377330732115217,-0.13804112298561144,-0.2498242982953368,-0.2664950836009575,-0.2457260017984213,-0.2664826121267294,-0.2896057500996517,-0.27158645393820147,-0.34647974979257434,-0.42489383875596065,-0.22140786984036886,-0.2201403363539155,-0.24727839509394867,-0.236770000679826
-0.16280992009232376,-0.1649843226931963,-0.15766754735747857,-0.1541866856837506,-0.17100532062983143,-0.1030345944780855,-0.09488350913471144,-0.04828202425295636,0.0004507744915118739,-0.0686448643769828,-0.09700698153748744,-0.12605428204333735,-0.13691613433706262,0.014700823325228152,-0.015915727599918328,0.02173099245827803,0.015830442601860506,0.005752735249411112,0.00373629568758993,0.011533569531353427,0.03497421355264718,-0.005728161225355799,-0.041726148378159356,0.014658197665411654,0.03650680640967785,0.03197888811802718,0.038041767982595065,0.04378502836845999,0.08949812411173164,0.12209504500560175
0.8623632855544214,0.8627876162358239,0.8618893010815152,0.8672504396075644,0.8579068184008867,0.8158022288129758,0.8182682793273279,0.8200620402423091,0.8267383838585518,0.8410696243589155,0.8401047731280655,0.8441322708218439,0.8429566415856158,0.7539821805855864,0.734147953983084,0.7452525880243923,0.7548765090223839,0.7577569157854096,0.7511584462820862,0.7370666834272175,0.7104683830156355,0.7148902559071832,0.6720508697315855,0.6974255039248416,0.6416980677657251,0.613275101892278,0.6122134352097386,0.8640447227252983,0.8707721083850424,0.8805872133776833
0.1762474860334582,0.1776614537638479,0.17514619159068356,0.17610801395284237,0.17733695188797416,0.13171265240276564,0.11926811543701388,0.08418541718262795,0.05119036337360283,0.08959939831020858,0.117647982281742,0.13302119384515065,0.14713096901994493,0.03846455609997235,0.04762925575058796,0.020217495909438332,0.018646894261751035,0.02468817498511111,0.022685406907913652,0.010831230054249907,-0.012678384910409846,0.01718794765312648,0.04595274913338909,0.01004417750156783,-0.010013227673658198,-0.009693737470425678,-0.006845960538435225,-0.00346600367212635,-0.046285012032099115,-0.06941180747560571
0.09256082568803436,0.08965715028791355,0.0890339284818098,0.0895628484616755,0.08711924534508997,0.028395205992445716,-0.06514328476153086,-0.04170367216776605,-0.03990536643207998,-0.03664119840406732,0.030525237461121346,0.048707672100567034,0.057927952352112344,-0.04489201808247356,-0.10552749691969343,-0.11037292443477387,-0.15537646939236405,-0.07989949502961646,-0.15389930449080413,-0.1969002567595558,-0.19990079647775394,-0.2058486483865658,-0.21673966401372557,-0.20661563090250323,-0.2516274481366537,-0.3493815356832837,-0.19371115591986654,-0.175996958183961,-0.18453273546110183,-0.1813854851105402
0,0,0,0,0,0,0,0,0,0,0,0,0,0,0,0,0,0,0,0,0,0,0,0,0,0,0,0,0,0
0,0,0,0,0,0,0,0,0,0.4787050485610962,0.2105054259300232,-0.012697248719632626,-0.10681034624576569,0.4207054376602173,0.46604716777801514,0.5199723243713379,0.33527129888534546,0.3114697337150574,0.22740709781646729,0.1539323925971985,0.18871620297431946,-0.0069990744814276695,-0.05827884376049042,0.16244253516197205,0.17129936814308167,0.13217702507972717,0.12496799230575562,0.052760303020477295,0.06412756443023682,0.29435065388679504
0.08783739698442394,0.0837395828850036,0.06793193888079352,0.07519519628683247,0.07650876194105516,0.05563120015007872,0.08221221702562942,0.06281594242395672,0.06225347478001919,0.16443940745147922,0.14322261171595607,0.16318395298027477,0.037463732157125174,0.3848939835297178,0.16957221491594443,0.09739673019749029,0.408907174860927,0.014568385279422058,0.07585907744318932,0.1667373855943921,0.15817869468405177,0.3979616683570748,0.3072737954747127,0.31539697683615553,0.37866718575907665,0.08294113326803698,0.12677626933988817,0.23917743127138458,0.380287692490773,0.11267371924173619
-0.17453880764904384,-0.1701647352089971,-0.17141369959743058,-0.1745772571841694,-0.17617833511828984,-0.1772392756668889,-0.17492957841347678,-0.1825124497910815,-0.18171313166692482,-0.18710879702911387,-0.17209014760131036,-0.1857397297643184,-0.1697484025200443,-0.21121688007561934,-0.20617849789734366,-0.17054529299107068,-0.18071177667162863,-0.17625986497196833,-0.1470303754134027,-0.1376858968368101,-0.1267185780997061,-0.12074229774421907,-0.159731580146793,-0.13053528085140176,-0.08010622736529194,-0.091895918511683,-0.043291341950519646,-0.03906530022070598,-0.036161939338421045,-0.05442840415906092
0.8558539516071821,0.8495732921993229,0.8536500409591172,0.8551951970064477,0.8520139536929945,0.8501707371918203,0.8531537605276476,0.8476586109705326,0.8550904105642001,0.8332666956078199,0.8426310813161988,0.8421849991806483,0.8480381091587839,0.7602369127832163,0.8204760281917001,0.8348355283286129,0.7910014407542008,0.8410962592415498,0.8433979733122778,0.8226214432173082,0.8137977453004734,0.7852432151009849,0.8128982411180048,0.781231229977434,0.7822452328660867,0.8226595736005604,0.7911030066147791,0.7950324666247353,0.8150892698468026,0.8557436643055163
0.173297580560831,0.1730131593012465,0.1754449664221076,0.17447947318648316,0.17566571518595264,0.1752277873949175,0.17573183705814244,0.17357855629547458,0.17503019945168852,0.1851014303136973,0.1760930206661271,0.18832724657966704,0.17308647661566123,0.20608458613104585,0.21022819661605574,0.17732257376836502,0.18922517355233825,0.1828762123429064,0.1678078862565231,0.15938750541936209,0.14258115186273024,0.14283170800128775,0.1699256527790023,0.14772145088897015,0.11805996062553459,0.11193821427725292,0.07304845938669313,0.06433232800332256,0.06465457541203645,0.0744048787989029
0.06619443539479608,0.06804585701423127,0.06523341323487686,0.06899802475473438,0.06732984655458618,0.06810973855352964,0.07013840472974331,0.0657352828438087,0.06726472098397984,0.1277192185186713,0.11918823926826283,0.13133394287323163,0.07141192130747043,0.2709833844201346,0.2043065174055929,0.13991686043074525,0.32520768943194334,0.12345429375811023,0.13573402844557325,0.18003271270702492,0.18307777173365225,0.32688972608769795,0.2940388358929189,0.3463158172307481,0.38446445196486767,0.18012641909947447,0.19365984228660182,0.2719726551285775,0.4049373369734186,0.22489954181369987
0,0,0,0,0,0,0,0,0,0,0,0,0,0,0,0,0,0,0,0,0,0,0,0,0,0,0,0,0,0
0,0,0,0,0,0,0,0,0,0.23279467225074768,0.1876293569803238,0.08008429408073425,0.30300217866897583,0.10774528980255127,-0.04927507042884827,0.06493565440177917,-0.013328551314771175,0.17760762572288513,0.4104706645011902,0.38075926899909973,0.3663908541202545,0.00595823023468256,-0.0018020858988165855,0.06902465224266052,0.02051401138305664,0.21223287284374237,0.33632105588912964,0.27250775694847107,-0.0734703540802002,0.21887654066085815
0.03759239738058939,0.041132521819738255,0.03519582482078931,0.05144863926949794,0.043642177073741406,0.03609386499184386,0.055082384082716374,0.040840488732655444,0.04760165210840106,0.048173830727340494,0.0489216899290188,0.037649476996082454,-0.2065730076394755,0.008945208496667245,0.10893626152210523,0.10867265990773833,0.07603406100242838,-0.11710563857589174,0.03916771000796149,0.06307883202507147,-0.0964127810284281,-0.02356624596372281,-0.32807146137290066,-0.2446385633768704,-0.2740811194395265,-0.35689722454318085,-0.31038159091794093,-0.3467021432141246,-0.32719924309489123,-0.038503529056550745
-0.13601990759762816,-0.13869139673409092,-0.14120001349943534,-0.1337700567299035,-0.13532508275069655,-0.12997932425363,-0.1325191134160777,-0.13755765325367264,-0.1262670405813794,-0.12788602701795504,-0.13005854432866548,-0.13156381687903718,-0.12527417114589723,-0.11138031024565043,-0.12646951106224003,-0.12259765059307703,-0.10615634871988311,-0.0810795001672695,-0.09760948013983284,-0.11128689611777565,-0.03558098650842301,-0.08465810224320758,-0.07553277584313933,-0.01343585045881246,-0.035852591779320986,-0.03443662730781405,0.010696986230014582,0.0018867214951423517,0.026590463617197635,0.012326831152094098
0.8602929117622811,0.8564219505831407,0.8607899155005414,0.8557383198918109,0.8522627048210905,0.8568870233541575,0.8539915595060792,0.8575066510450406,0.8574878213368056,0.8490252514592687,0.8512838036244652,0.8561159452130243,0.7654408382382161,0.8332235801471095,0.8448213848539312,0.8498195793074392,0.8421998794494521,0.790951769240331,0.8133227695973075,0.8368817469943373,0.8369743987085616,0.8379611083388714,0.8204759043388439,0.8022584268456618,0.859696854487054,0.8495869160134943,0.8523609095433038,0.8665785419372973,0.8620930107147649,0.8555341447918241
0.184629542401767,0.185714456608844,0.18786809527799253,0.18734665204714096,0.18648203173373834,0.18625018811446803,0.18601792374642678,0.18715003324985569,0.18374602951118724,0.1854187637498932,0.18487163250554528,0.18474978572350098,0.170341952512155,0.17709328729025375,0.1866822524252567,0.18734796289803746,0.17873803964913337,0.15362710813103186,0.15826148940878038,0.17733324222903235,0.11952755197670117,0.14992388659643696,0.14058933798223827,0.09955759970353517,0.10725446841675312,0.09748592505516451,0.07278562936333666,0.07724477687876297,0.052651525172956015,0.0687658122985002
0.0760803325375432,0.07656498939170908,0.07605023123299026,0.07510607759267818,0.07593787168093513,0.0755624679555611,0.07714036450436312,0.07648263943677058,0.07567496573331711,0.07622720598383315,0.07650764798815679,0.07697016630173303,-0.11329935391180856,-0.00847937587480918,0.06265733806221174,0.0648460662773096,0.050927071801234014,-0.0858040716613071,-0.00214248241450099,0.036384534543028035,-0.07609379060379962,-0.045055485922882,-0.22356646125618662,-0.20588958445951833,-0.23525420982321144,-0.30003015446828396,-0.2842578364402927,-0.30727794466463676,-0.30337045295924214,-0.10175393528570398
0,0,0,0,0,0,0,0,0,0,0,0,0,0,0,0,0,0,0,0,0,0,0,0,0,0,0,0,0,0
0,0,0,0,0,0,0,0,0,0.4504185914993286,0.42935851216316223,0.37159067392349243,0.4261992573738098,0.3223697543144226,0.18433186411857605,0.05654987692832947,0.19682401418685913,0.380727618932724,0.4013338088989258,0.3032722473144531,0.46704885363578796,0.5794217586517334,0.14949734508991241,0.3585376441478729,0.34376922249794006,0.3644886612892151,0.34461310505867004,0.3598940670490265,0.44627895951271057,0.0681149959564209
0.12240452159839132,0.11527798981464299,0.11136249743975046,0.1038546208970541,0.11854385356256625,0.10823604929337116,0.10044524253158205,0.1138613164652722,0.09257404163806648,0.1034157699960141,0.11750757107879095,0.10737730544031443,0.06611177273154034,0.11205585253798667,0.06948780571082769,0.10012261944739786,0.004739307378800239,0.10829448207471981,0.00669658752120883,0.061423574617877064,-0.12529523271792697,0.032533642019763276,0.06141627290494189,0.04577827883342711,0.011256304035878184,-0.020490762976448806,-0.04177482727117199,0.06498276500040379,0.04070049534428111,0.005793533959235875
-0.12292818538962569,-0.12819051997242858,-0.12105162495593735,-0.12778399858045442,-0.12039218385501216,-0.1316816047145024,-0.13179711434484798,-0.12880239977020091,-0.1253857505742172,-0.12365978742739492,-0.12546895803443736,-0.1157805578382044,-0.05286687592194683,-0.1170279870517682,-0.06329670243315388,-0.08469151685380649,0.05016568662450127,0.02215273614750246,0.04881830265228815,0.025386807936432998,0.027213087884972564,0.06204834425636907,0.051238692468830616,0.1059461055392028,0.09635990112014436,0.09915543491195344,0.14441804804339586,0.14291224076032405,0.04136467223034246,0.13151115092649346
0.850062822242724,0.8535254946899815,0.8492137115059049,0.8521193133621123,0.85234635031414,0.8489020708308357,0.8510656930411129,0.8503360791250789,0.8495197168760213,0.8488019577968524,0.8477357362625655,0.8495637913815453,0.828340443367281,0.8469378240149605,0.8231511455864444,0.8303972514522024,0.7886604327352302,0.8195764294899466,0.8343911915405475,0.8107549739616644,0.7680629857219754,0.8513876159477032,0.8597908179109883,0.8542976830253017,0.8661903720120654,0.8624068375557086,0.873366727127068,0.8626256611078049,0.8608103258604822,0.8649247530831978
0.18570446934878304,0.18657770887504688,0.18847025893961433,0.18784227347915206,0.18770288289713144,0.1893509631971355,0.1876817266473807,0.1867479501119882,0.18734207683384319,0.18566976199378105,0.18597059810141814,0.18679379405362373,0.14488579466369655,0.17746620620497233,0.15011776684454592,0.15586587846514743,0.05624273425296322,0.06841827872327855,0.04429845726576587,0.060157376889911074,0.05255757594914945,0.023927060587697335,0.026496854649113555,-0.011724784578200365,-0.00835934428092111,-0.012119842635364364,-0.044798603342669385,-0.04737028267279064,0.014399336737332513,-0.033905583606608225
0.05983697421601564,0.05991949628853366,0.06021382665306252,0.05871433165534423,0.06076596655703592,0.061327489859549944,0.05806737024966124,0.0602269089181946,0.057862829439692565,0.06267760806378964,0.06315630094414537,0.0599948997374562,0.0455363359216272,0.055549302024006986,0.045032883362601694,0.05164152057627791,-0.0026435080492015484,0.053625383682647465,0.01764640334599754,0.0482920167852785,-0.06311501399056751,0.036270102270006266,0.05859350112728379,0.05031114073630483,0.02655794719097737,-0.00012778966046234075,-0.004524175037118883,0.04155227249431892,0.0314494942427932,0.02718703362116881
0,0,0,0,0,0,0,0,0,0,0,0,0,0,0,0,0,0,0,0,0,0,0,0,0,0,0,0,0,0
0,0,0,0,0,0,0,0,0,0.36559543013572693,0.3736775517463684,0.3537731170654297,0.3757355213165283,0.35467350482940674,0.4438875913619995,0.4002451002597809,0.5513932108879089,0.37083566188812256,0.4879738688468933,0.332192987203598,0.06796985864639282,0.3178536295890808,0.12244495749473572,0.15197491645812988,0.18162131309509277,0.48020365834236145,0.43940019607543945,0.20982486009597778,0.28972327709198,0.20578649640083313
0.074454168324261,0.0840631108051677,0.08283785387208553,0.09611672523680892,0.10048149592978639,0.09751809268599065,0.08732090734074038,0.08262298258097012,0.07253545545278817,0.08368071948894173,0.06932832019315271,0.09285872702092735,0.08531878330913845,0.09950990376775026,0.06810883158944203,0.09061162682401314,0.07814150712446066,0.06252178249537477,0.08236992557625977,0.08103494910439357,0.08569548942098493,0.09633270304421293,0.08328728753851622,0.08256990795485142,0.08374502552793062,0.13723026457883747,0.09767723207664925,0.236316427116247,0.19103335452175774,0.2654523636997599
-0.14273536026933764,-0.13746771572153782,-0.14882364629571,-0.1500207627489678,-0.14538153305312884,-0.14107328439296885,-0.1470051376437227,-0.15371436401662364,-0.14943203300934693,-0.14397119989492335,-0.15157388260599158,-0.1392283620329644,-0.14333225141393258,-0.14316808102018685,-0.14181584174171347,-0.1365959475873899,-0.1390671013148057,-0.1416944787309521,-0.1392744818293672,-0.144526307340325,-0.14925909710387997,-0.14737952946749922,-0.15117600850043444,-0.1407754141604305,-0.14693967520526996,-0.20936523466003876,-0.19968121686884943,-0.31255664149765705,-0.30818650662679137,-0.3271457759396842
0.8527406073628032,0.8521066722225754,0.8497882412755586,0.8500921875919425,0.8498169563972826,0.8501672082002429,0.8591336064037844,0.8532821780133582,0.8559197696223453,0.8537211940175393,0.852837075700567,0.8472498411375267,0.8481906551364351,0.8558225337228023,0.8525402541826952,0.8516200136098644,0.8525557920123865,0.8501613162265422,0.848544704822042,0.8488235733795286,0.8526061528651792,0.8443213566513321,0.8474605360311198,0.8486053951659982,0.8452128364724394,0.81306467002304,0.8236664093199875,0.7705005663758517,0.771341012301672,0.7771402723616869
0.18533627121563567,0.1858646788942,0.18639986863054903,0.1877417852204799,0.18729367255983864,0.18672017872928626,0.18792391739701442,0.1880756933107084,0.18867929252589621,0.18808487614035974,0.18834970435216158,0.1879783977349503,0.1864587619210254,0.18594311883717451,0.18529477934807215,0.1845313611424817,0.18635028041761648,0.18700484644847748,0.18719392760762976,0.18743546685945844,0.18717307133162375,0.18690392762192642,0.18974695161476718,0.1857598596725376,0.18800055897038814,0.2235877114352418,0.23112168114940568,0.31393800834306806,0.3446963400838732,0.3507537555652347
0.06336846543315477,0.06506488952364031,0.06268065966195513,0.06129888910130754,0.0632537593669178,0.06342132081462148,0.06238462672893763,0.06310673905582065,0.062072115697463515,0.06340708489652425,0.060204396736257326,0.06411310190381458,0.06408251813840171,0.06318732065215316,0.0626908750728874,0.06286740922930889,0.06385396858746528,0.06171541763087962,0.06375219061154036,0.06244561881945043,0.06337739162360756,0.06439002247549896,0.06540004165909963,0.06299881535257978,0.06319914559504469,0.09045224312667388,0.0903106162760976,0.16150693340115607,0.17319822798904583,0.20328701779964242
0,0,0,0,0,0,0,0,0,0,0,0,0,0,0,0,0,0,0,0,0,0,0,0,0,0,0,0,0,0
0,0,0,0,0,0,0,0,0,0.4196564853191376,0.39458030462265015,0.45967888832092285,0.4508427381515503,0.40717923641204834,0.3748501241207123,0.412725567817688,0.3855075538158417,0.34732764959335327,0.40993261337280273,0.39768102765083313,0.3802343010902405,0.4249691963195801,0.35784217715263367,0.4027565121650696,0.39536985754966736,0.1880277544260025,0.06281737238168716,-0.07329948246479034,-0.05948841571807861,-0.027133457362651825
0.06751913335638382,0.060372281600175715,0.06744187140161473,0.04785449993792623,0.02846012767213879,0.04295171499777206,0.051440039920927605,0.06380347209985149,0.03712141935144597,0.03931563706361674,0.025992729893639765,0.05275658717322851,0.04844690109593319,0.04573384034890848,0.05403199096119016,0.05855693482674673,0.038008418888300755,0.0631211474155291,0.04346519851469122,0.021279518311547507,0.07106593504899839,0.037100251095255166,0.015904231156943505,0.05024641136599595,0.06258792988920936,0.06487224896067056,-0.0007227840708573519,0.0909791483055824,0.048646433100592246,0.046373146487102
-0.13096468603148037,-0.13062368005131464,-0.14058799863714644,-0.14397115849852604,-0.13790674556399019,-0.1465095778633958,-0.14250449887626326,-0.12496413949379082,-0.14399231275918356,-0.1411957665097252,-0.141537819327599,-0.13091740275074149,-0.1324456495890215,-0.12985322275864464,-0.13767676893120395,-0.13519472198740878,-0.12755217314246647,-0.13027631656681016,-0.13917247549333278,-0.07073891586904935,-0.09357538578635749,-0.036669843664751456,-0.05784516456401034,-0.11422972951734323,-0.12332063376060032,-0.15075906959983298,-0.004457002754895134,-0.03213461715489152,0.02989330674982993,0.04908648394998538
0.8494719927853496,0.854061274404692,0.8546942916485882,0.855070732626865,0.857075723773113,0.8583977741780706,0.8561176502268493,0.8527221158054581,0.8542554117195844,0.8604447442109986,0.8553525443193268,0.8534380297215174,0.8522650922478561,0.8514752214728625,0.8508808173939109,0.8536417929292757,0.8539892482651164,0.8562837796850118,0.8528210163851657,0.8236607349036063,0.8295883847454035,0.7961122549356945,0.8184243502224497,0.8436288643696304,0.8499921975959939,0.8524357207424988,0.7912058761896319,0.8160140530490594,0.8027747237727676,0.8117743677088434
0.18063248210125882,0.18083411257118542,0.18165350987878437,0.1794251167460501,0.17988842153034046,0.18044219171897602,0.18106945093367455,0.17962850753653448,0.18061279626290716,0.18013611245323036,0.17919120522266874,0.1792594301022803,0.17902398287043275,0.17802913025689104,0.1785282649656872,0.17987110872487588,0.17760531154191028,0.1798489585359342,0.17818283366145393,0.12172152557703209,0.13630779063412324,0.10729768820181884,0.1133446797182982,0.1507764345622289,0.15328210592181124,0.17389379482501277,0.08088049401078412,0.0901262130840037,0.05390328075088502,0.02622534453442693
0.08278192719960686,0.08234923025031193,0.08006830532659115,0.07917490195013066,0.0785211732168194,0.07997137519762942,0.07994459517257502,0.0807127897177462,0.07950799752141391,0.0811355448001192,0.07725512057773454,0.08107639151015622,0.07997397268200279,0.07964686183084546,0.08088411158567421,0.08031874350704715,0.07846967998982546,0.07919226140356717,0.07779681779582526,0.05118371705496738,0.07148157177614078,0.06289437919009955,0.05054408825689727,0.06478742402371185,0.07218862680528071,0.07700751382283588,0.032614226529382284,0.07704940700908502,0.06731813990099633,0.058597734289373093
0,0,0,0,0,0,0,0,0,0,0,0,0,0,0,0,0,0,0,0,0,0,0,0,0,0,0,0,0,0
0,0,0,0,0,0,0,0,0,0.3753131926059723,0.38680383563041687,0.4511057138442993,0.4544099271297455,0.4415125846862793,0.42551085352897644,0.41063323616981506,0.3965017795562744,0.3926239609718323,0.351811945438385,0.44775286316871643,0.42887336015701294,0.5360976457595825,0.5137035846710205,0.15025433897972107,0.06614755094051361,-0.07522771507501602,0.2879542112350464,0.4142504930496216,0.4488629400730133,0.3652058243751526
